temperatura,humedad,viento,precipitacion,co2,co,oxigeno,incendio
28.77,2.5,27.5,8.93,702.35,33.83,24.81,50.87
18.99,2.98,21.86,20.21,169.9,9.94,22.15,20.45
9.92,58.93,80.94,0.26,754.36,34.91,18.74,51.55
43.07,33.66,9.27,3.87,785.62,30.19,23.88,72.3
24.13,97.31,37.85,22.08,772.05,30.93,24.48,29.77
31.71,4.58,22.79,11.58,209.84,11.64,16.11,40.78
28.61,36.48,37.02,8.38,350.23,46.83,22.13,30.09
7.7,72.91,16.34,15.18,892.14,32.0,21.13,26.85
37.93,77.6,22.9,1.28,386.59,13.39,17.32,36.43
39.44,31.47,65.54,15.83,835.91,22.94,17.91,70.47
25.26,26.27,58.46,35.91,449.55,10.97,25.97,16.1
4.09,4.71,10.96,25.1,744.06,21.11,15.7,47.82
44.83,52.91,97.11,34.43,158.61,36.04,22.5,40.37
12.01,64.1,11.16,17.39,490.29,47.69,24.63,11.63
22.53,17.87,91.26,34.82,373.83,31.95,21.7,18.53
34.31,53.94,77.86,21.21,150.43,16.21,15.21,50.29
39.54,83.17,30.75,2.32,808.51,47.35,15.94,63.86
3.11,76.06,76.58,5.14,506.46,27.49,17.92,47.72
19.04,21.18,53.93,29.2,300.86,15.59,25.95,28.5
19.71,51.76,12.1,8.99,403.56,29.42,17.53,13.2
3.19,63.11,22.89,36.22,794.73,3.54,17.62,0
9.64,13.23,93.55,22.84,504.5,39.23,23.88,53.9
4.36,43.11,42.36,18.68,696.81,33.67,25.83,30.98
18.12,33.93,86.17,9.95,292.66,22.43,19.64,34.79
11.24,92.33,44.31,34.45,562.74,2.53,25.99,3.36
43.6,92.64,84.87,6.65,514.23,10.69,19.41,59.59
17.05,98.53,26.52,31.36,491.26,21.15,25.53,0.95
25.01,71.84,15.48,11.87,876.53,28.96,20.96,37.48
2.57,58.42,50.29,34.11,268.07,48.04,15.88,3.86
26.78,67.52,23.52,4.8,817.72,12.31,21.54,30.19
18.87,58.37,52.28,37.39,303.19,35.81,17.63,0
30.23,30.0,31.62,30.07,204.41,22.91,25.98,20.96
3.3,21.32,26.52,37.33,810.65,43.96,19.06,24.58
37.52,70.35,61.17,39.49,640.48,0.39,23.99,27.99
29.85,93.89,13.43,4.62,230.28,27.66,18.0,23.05
32.29,20.36,63.42,10.56,516.4,45.27,24.31,62.92
19.06,27.67,0.35,30.84,627.84,13.1,23.15,6.52
19.25,0.97,7.52,35.32,827.95,27.28,24.18,30.83
6.66,12.74,30.83,35.96,747.09,43.04,24.89,34.1
11.23,10.28,78.01,35.37,454.78,31.03,16.7,36.3
38.91,97.62,81.08,35.26,168.59,36.83,18.65,37.31
36.1,86.41,81.07,10.67,740.53,5.4,24.59,59.59
10.01,81.66,46.03,12.21,746.51,11.38,15.26,22.93
14.77,86.44,96.69,11.16,631.11,19.98,25.79,31.36
42.27,11.53,97.04,7.14,871.9,13.27,16.19,100
32.78,31.37,60.62,20.46,438.9,28.83,17.8,45.09
0.08,92.56,53.85,28.78,706.46,33.53,19.01,28.7
29.89,33.02,31.39,33.92,689.82,15.02,18.4,14.08
18.11,29.57,12.73,16.82,855.27,33.87,24.93,36.16
13.54,54.79,0.04,11.48,472.42,29.0,22.2,15.65
19.9,21.37,47.32,36.05,747.02,8.48,15.93,22.15
28.48,33.52,81.84,30.05,654.6,11.23,17.19,21.24
11.02,47.51,84.97,2.91,460.83,31.49,17.14,37.96
22.25,24.4,65.61,0.22,713.22,38.5,16.17,70.25
7.91,95.8,51.8,2.01,336.9,42.42,20.02,31.01
30.04,98.79,59.55,38.0,818.57,30.63,22.91,28.05
37.38,54.79,89.72,29.75,506.01,12.96,17.72,53.38
34.46,52.13,62.67,10.98,208.11,14.29,17.99,45.2
24.31,13.84,23.13,27.76,679.81,3.21,19.48,27.43
18.71,20.68,42.01,36.19,588.06,34.78,24.42,32.66
17.12,0.59,35.18,30.14,790.09,47.67,19.61,39.48
24.58,60.33,22.05,8.78,476.88,1.45,18.7,10.79
18.19,16.5,46.74,5.11,616.69,1.35,19.33,40.64
1.22,64.27,13.57,18.47,187.71,18.96,17.33,2.27
34.26,37.91,75.2,33.28,339.2,4.1,15.21,32.39
45.0,35.0,65.01,31.25,638.82,37.71,25.45,58.99
0.92,15.24,12.62,26.78,572.98,10.9,22.69,28.67
7.55,60.72,74.79,4.58,764.48,48.24,16.19,49.26
14.04,67.73,95.82,15.87,686.26,3.8,22.6,23.27
4.59,77.25,85.03,24.02,240.79,49.19,23.61,23.47
19.28,37.06,50.6,13.65,787.18,41.12,16.16,49.61
28.6,82.87,70.73,17.42,700.35,48.27,17.97,48.08
24.22,48.35,43.56,29.24,351.3,42.59,24.14,13.87
39.67,24.39,46.47,24.41,434.24,1.43,24.36,51.82
9.55,79.78,34.03,35.21,675.89,13.81,15.11,8.48
3.85,72.01,48.86,30.33,667.96,32.3,20.4,17.93
4.19,22.16,69.18,12.25,586.17,23.66,20.84,48.26
33.57,33.08,70.29,10.84,338.55,6.03,17.12,33.2
24.11,76.22,18.51,8.66,513.15,36.23,25.74,27.25
12.73,10.05,19.41,9.1,284.58,0.71,20.88,22.74
43.84,55.34,69.74,5.05,801.35,24.54,24.6,80.74
21.12,44.05,18.44,2.06,855.8,23.89,24.04,39.01
3.33,62.94,5.36,5.97,572.13,15.19,25.93,17.18
34.4,60.63,79.07,9.03,541.93,22.53,19.87,68.6
44.55,30.54,62.1,24.39,705.07,47.38,17.29,80.11
29.72,15.71,17.38,3.0,152.01,22.53,21.53,34.91
10.42,70.7,70.3,18.16,665.54,46.2,23.67,38.25
29.75,93.37,42.51,21.78,635.73,45.42,24.09,33.71
7.47,30.76,74.9,22.77,366.46,6.22,22.58,24.0
42.42,50.05,49.38,3.22,179.9,21.6,18.55,47.5
4.11,96.19,83.6,23.01,863.09,49.98,22.4,40.7
1.81,75.63,47.05,26.06,837.05,9.07,21.44,19.35
22.13,9.12,34.8,13.33,652.6,42.89,18.63,50.94
12.97,94.52,81.36,22.0,491.12,15.73,18.56,27.7
18.19,51.46,98.81,26.31,556.95,20.66,17.06,35.62
34.04,62.54,76.0,8.14,561.91,46.38,19.82,69.98
5.46,97.31,60.89,9.57,268.78,27.54,21.07,19.93
44.65,91.29,46.14,4.7,774.11,24.92,22.88,68.09
12.3,83.47,98.02,9.75,563.45,19.18,25.14,31.08
39.57,86.4,27.62,31.6,461.21,46.71,20.59,20.21
12.73,29.86,58.69,39.96,517.23,7.43,20.92,8.45
24.84,54.34,45.53,12.87,291.49,34.87,21.29,12.34
34.9,4.36,74.47,28.21,758.56,19.3,22.3,85.21
44.14,49.53,3.7,20.09,592.64,43.49,24.62,49.4
23.67,45.69,72.24,16.4,641.09,7.72,20.16,23.69
15.24,69.27,64.98,34.07,789.26,42.97,19.18,23.17
32.34,75.94,87.24,1.44,201.32,31.56,25.13,46.97
33.6,43.4,9.84,25.35,804.43,22.18,22.63,44.03
2.07,79.61,29.34,14.99,259.18,26.56,21.23,9.93
7.65,7.9,87.08,24.79,330.62,45.64,16.57,48.61
11.43,25.53,0.94,32.19,825.91,33.88,16.74,23.42
15.55,58.76,63.89,16.97,337.57,42.27,17.19,20.85
21.74,23.72,57.19,22.99,894.52,14.76,25.76,38.58
12.35,56.59,68.58,29.79,186.78,30.32,20.46,23.04
12.88,79.89,60.71,14.09,627.46,31.04,22.46,36.21
29.66,83.83,62.82,36.14,634.76,15.45,19.85,13.8
32.96,9.01,29.51,29.9,281.73,6.61,20.93,34.71
23.89,91.35,83.05,10.28,768.52,24.09,23.87,47.47
15.24,11.52,96.29,5.63,874.88,43.01,22.97,77.8
43.53,80.46,36.58,31.63,160.44,26.83,20.0,22.73
30.26,58.46,82.24,37.61,231.26,11.69,15.28,21.84
25.26,91.53,22.14,2.53,767.89,45.47,18.32,42.08
6.29,94.63,30.44,19.7,222.89,44.36,16.49,17.54
30.17,74.31,94.6,16.77,706.7,7.73,19.56,30.99
22.02,40.81,95.15,1.31,427.9,22.17,25.46,44.55
4.47,68.57,54.45,39.11,419.01,19.91,17.09,0
38.16,45.47,66.28,25.67,597.86,1.07,23.65,42.44
5.67,56.46,6.86,30.61,305.37,10.8,24.57,0
6.64,90.05,0.28,34.34,258.52,6.5,17.76,0
29.75,2.58,1.49,31.6,328.45,16.19,16.92,13.52
33.38,52.61,74.57,19.05,733.51,25.66,16.2,51.04
42.54,4.34,78.32,34.68,541.09,22.9,25.6,77.61
21.55,40.16,68.61,19.61,832.28,3.67,15.89,32.08
2.96,27.5,63.31,21.93,393.89,49.73,20.84,31.54
27.24,9.92,70.18,34.11,638.19,38.45,22.93,41.15
20.32,22.85,33.89,18.14,461.99,4.75,19.69,24.65
16.84,15.26,92.3,2.69,773.83,4.66,16.06,56.39
36.53,55.64,58.65,22.46,397.23,6.11,18.89,27.65
33.76,86.81,72.11,38.74,600.31,17.58,21.36,15.13
29.55,22.42,10.82,33.81,425.67,38.13,21.32,19.07
38.03,97.45,81.84,24.54,632.02,1.31,25.22,51.29
12.04,18.04,70.27,12.36,404.87,0.31,24.57,31.66
18.04,14.19,63.32,1.23,709.58,10.76,19.62,54.41
16.65,72.16,77.68,22.7,213.72,2.63,16.73,17.18
30.33,27.21,66.19,19.43,481.53,13.66,23.3,36.14
19.35,28.32,67.85,19.47,650.35,2.27,19.35,29.99
0.35,30.14,21.12,5.49,341.64,16.41,15.09,30.47
7.91,38.02,70.37,20.01,775.02,40.31,15.79,52.62
1.9,1.87,92.12,34.48,581.82,28.67,22.8,41.18
5.18,2.09,32.48,32.05,613.59,41.6,25.12,29.88
38.0,24.33,58.89,20.96,446.83,15.51,18.73,57.33
7.57,51.05,11.4,20.4,829.44,17.47,23.0,17.19
36.68,23.63,14.64,7.89,601.8,38.01,22.21,66.77
34.78,49.41,75.44,30.4,486.68,46.21,21.21,38.35
28.1,86.42,62.72,6.04,201.21,22.11,18.33,31.75
2.53,50.73,31.04,18.08,192.67,41.58,15.84,21.64
38.49,61.5,50.71,18.51,565.74,39.59,24.85,47.5
36.44,65.18,32.15,19.03,263.15,3.09,16.14,29.99
15.45,71.43,50.45,6.9,335.81,21.89,19.83,20.23
7.14,37.29,28.29,16.35,403.78,29.89,23.68,17.47
2.97,9.45,67.84,11.37,692.8,32.83,24.97,62.73
15.0,58.27,14.14,13.99,875.77,34.92,19.31,25.95
42.21,30.96,37.67,31.67,759.89,33.51,24.12,51.39
30.84,52.64,64.6,16.94,421.37,18.13,16.98,31.14
42.65,48.63,22.65,5.5,207.87,42.22,16.11,51.71
37.58,88.37,3.77,13.47,724.73,6.55,19.14,24.62
37.41,77.11,80.9,6.62,478.26,20.54,22.44,54.38
19.99,28.49,74.85,17.96,550.51,15.47,23.89,32.69
37.58,36.78,94.71,39.38,496.26,14.09,19.2,39.27
43.48,81.69,80.13,5.54,337.5,32.06,24.62,65.55
4.62,84.59,85.12,11.4,722.34,13.64,24.96,30.47
19.69,94.64,22.2,18.05,412.19,1.33,15.59,8.02
10.61,99.45,37.49,1.13,848.12,41.96,22.15,44.91
6.19,28.69,82.98,27.84,254.09,35.28,19.93,27.05
3.57,25.59,83.5,21.95,695.43,26.39,16.22,48.88
13.55,4.77,41.98,31.76,492.84,5.54,24.96,17.97
0.74,51.54,24.19,5.74,471.93,30.74,17.65,20.17
29.9,8.56,97.47,2.71,544.54,25.37,25.87,72.54
17.57,47.01,63.57,39.24,340.24,0.81,23.67,0
32.98,62.83,77.15,29.41,399.39,2.22,21.01,25.14
7.88,77.91,46.46,27.82,623.8,40.57,15.69,39.76
20.6,29.34,4.38,7.98,181.43,46.67,20.67,29.89
24.44,25.33,75.33,7.64,417.73,39.04,24.52,36.32
5.6,36.8,88.95,29.73,820.98,19.33,25.71,33.96
22.39,92.43,51.93,32.05,695.31,3.95,21.63,3.22
24.55,32.12,8.01,26.44,379.87,30.13,19.69,18.9
15.82,4.24,87.0,14.1,898.61,13.73,25.78,53.48
3.38,63.75,36.33,32.04,659.56,47.64,16.57,19.08
35.16,3.48,6.72,31.14,424.75,19.14,21.24,42.05
30.56,94.88,37.2,30.52,580.44,26.47,19.38,22.5
11.23,11.34,73.57,19.96,440.24,28.08,17.88,40.6
20.08,99.64,28.56,36.66,518.4,6.13,24.38,0
40.44,44.51,8.78,27.28,784.14,15.98,18.82,39.65
24.4,89.13,85.14,28.47,845.49,31.89,23.73,40.09
5.46,20.1,13.89,31.61,169.71,27.7,19.06,10.04
24.82,61.19,8.62,12.37,899.7,35.94,20.78,27.69
37.05,7.38,97.24,25.69,487.48,34.01,18.79,85.78
35.11,63.98,18.2,38.65,474.46,45.54,15.61,17.24
6.89,16.47,32.27,28.37,409.52,47.05,24.84,36.46
11.28,63.51,55.08,5.01,377.12,26.67,20.53,21.69
42.37,15.42,65.87,28.83,603.85,42.13,21.2,98.25
1.28,4.55,64.15,23.07,638.35,38.35,19.58,55.39
22.41,62.72,28.97,38.27,512.21,40.23,22.53,7.97
3.28,5.99,43.96,19.37,303.02,30.33,18.44,37.18
33.04,86.08,97.54,5.23,427.91,28.08,18.51,45.66
12.04,24.79,9.68,11.61,438.11,30.77,17.73,34.65
7.19,32.74,57.77,12.51,722.34,24.91,20.66,42.99
13.88,2.32,94.52,20.22,875.01,10.76,18.88,44.51
22.27,88.23,65.43,18.82,552.52,42.36,19.74,40.82
32.74,76.39,36.59,16.02,577.71,9.73,21.09,16.74
22.69,76.44,27.97,39.56,660.3,5.94,25.73,0
35.77,33.91,93.89,30.2,299.29,25.46,20.5,38.45
6.17,33.3,47.37,18.28,604.7,25.78,18.61,41.13
7.31,99.06,73.93,11.97,402.28,41.41,20.86,33.09
13.49,81.57,36.84,26.95,884.92,29.19,23.76,31.25
30.96,2.66,47.46,38.68,737.18,38.81,21.35,50.21
26.26,17.05,62.9,24.79,780.88,7.39,22.49,37.32
42.67,10.99,1.89,12.55,263.57,34.53,19.51,64.75
41.42,87.28,73.58,2.49,253.56,10.37,18.58,60.62
23.65,31.38,17.32,36.48,406.75,17.71,23.49,5.21
28.95,69.33,61.01,7.69,334.89,27.9,17.47,33.73
13.39,28.9,20.73,28.2,387.78,17.44,25.27,16.95
12.31,12.19,67.66,15.19,885.12,40.92,25.5,63.05
13.07,28.76,71.41,13.85,481.78,12.82,20.27,27.02
24.24,93.3,69.62,5.49,611.76,29.34,17.67,45.7
23.9,63.79,5.25,16.53,688.02,5.03,23.48,2.05
24.77,92.91,40.69,37.4,808.8,23.87,17.19,22.64
14.45,64.59,90.79,3.58,580.6,26.76,22.95,51.37
41.1,17.51,88.22,7.03,839.73,49.86,19.37,100
42.15,96.21,92.6,35.07,156.95,28.4,16.18,48.83
12.81,98.91,54.33,19.76,853.92,42.55,20.15,32.93
5.07,16.25,45.89,10.29,289.65,36.83,23.7,35.68
34.08,17.55,85.61,35.88,770.24,25.76,15.95,81.69
8.32,14.06,32.36,9.92,345.59,11.78,23.29,37.54
13.59,72.29,1.14,26.15,669.58,3.11,16.3,9.07
18.24,50.25,89.51,28.14,383.23,5.87,25.08,12.95
27.66,21.91,13.36,6.13,710.8,30.29,19.57,55.49
21.19,53.75,66.41,8.74,335.6,37.74,24.6,19.82
20.1,70.38,7.81,22.57,196.32,27.38,20.56,7.73
6.74,32.81,52.03,4.65,304.05,29.16,16.0,39.1
36.39,45.34,51.32,18.27,193.3,23.12,23.88,35.23
17.82,81.65,74.58,23.13,183.97,17.23,15.7,24.94
42.06,6.9,93.38,1.27,456.65,38.45,23.42,100
29.06,42.04,99.29,15.3,802.22,45.34,19.13,54.83
29.78,53.93,65.35,13.91,283.86,26.86,20.82,26.28
10.02,0.35,2.27,11.93,655.12,27.22,20.85,50.23
11.14,34.62,27.56,37.5,693.77,5.64,23.9,1.19
34.47,88.38,1.56,8.24,225.67,1.68,21.58,25.03
2.19,74.05,40.23,9.37,312.95,43.19,15.62,27.04
13.02,81.58,73.15,12.76,598.44,33.63,18.53,32.02
6.45,66.02,22.1,12.02,195.72,47.43,24.68,14.12
28.17,42.72,49.56,38.89,856.19,33.57,23.64,26.19
18.73,14.92,37.65,30.18,505.14,42.47,18.31,36.08
36.26,91.47,56.24,38.71,567.97,6.7,17.67,15.03
29.1,92.22,84.71,3.7,693.44,9.52,17.95,38.74
27.13,87.36,18.82,30.47,693.23,27.94,20.27,15.69
14.98,95.7,1.53,37.49,871.56,5.87,26.0,0
10.92,60.44,20.45,36.61,564.06,38.78,19.19,7.34
16.17,26.16,51.28,19.89,223.96,49.07,20.16,31.4
41.14,37.07,41.39,22.5,315.96,7.3,17.87,42.35
26.06,41.76,15.24,13.19,434.88,41.67,20.49,25.55
30.82,25.73,82.16,38.66,631.27,24.53,16.85,48.95
7.62,72.03,48.83,36.68,556.6,32.09,15.65,14.34
38.1,94.52,66.82,30.57,459.29,42.13,17.55,39.07
0.41,50.57,37.32,24.71,650.07,30.83,20.32,25.88
0.3,55.16,1.19,21.18,356.06,48.87,15.19,17.13
30.33,80.62,90.98,4.28,222.24,7.44,17.11,35.26
36.68,26.73,39.69,14.92,454.52,28.25,25.89,40.26
30.78,84.79,65.37,34.33,719.69,4.68,19.17,17.53
2.53,0.95,17.14,19.99,475.43,39.22,21.22,34.58
4.29,52.82,4.26,8.46,801.09,44.38,20.23,28.47
3.35,92.56,89.93,22.54,174.68,46.44,18.46,29.61
26.42,75.23,71.27,15.93,207.7,8.12,17.65,20.35
17.51,89.65,33.17,30.22,254.96,49.42,22.97,0
43.84,5.37,43.71,33.55,405.44,38.45,25.5,57.97
34.81,2.96,27.33,39.7,517.95,17.79,25.35,43.32
30.59,66.07,8.57,24.74,748.54,35.66,15.9,35.54
32.03,63.39,73.97,12.67,229.91,0.26,18.39,20.6
12.14,13.25,18.74,17.95,566.06,20.4,15.29,44.54
4.19,59.8,32.44,15.41,368.89,19.39,15.93,16.01
40.73,97.82,57.2,6.78,435.55,6.94,18.31,41.93
2.85,43.47,42.11,19.37,207.69,12.58,17.71,18.25
26.72,19.55,10.7,12.19,861.62,16.61,21.82,37.04
14.83,33.47,81.55,34.38,880.67,6.81,18.53,24.47
9.04,31.42,96.46,38.75,368.59,34.75,20.4,17.76
10.91,37.61,81.65,15.72,235.42,28.19,21.51,27.46
30.68,55.01,95.3,18.46,681.28,21.92,18.2,48.93
36.85,79.57,40.91,19.97,625.0,12.1,22.25,39.15
35.51,7.4,99.07,19.17,450.6,25.33,25.12,83.92
24.46,79.07,35.95,35.82,552.68,31.91,15.93,17.69
29.59,35.5,64.7,1.77,887.71,33.87,19.4,59.53
43.46,43.05,1.05,10.35,533.01,25.94,21.39,57.75
20.06,39.11,77.23,23.54,525.35,17.25,15.27,28.05
18.72,96.17,11.61,37.63,256.26,15.59,20.01,0
21.73,47.62,43.82,27.87,389.18,15.01,23.91,8.15
38.21,64.8,67.71,6.57,887.93,12.2,16.92,57.6
25.19,95.85,23.19,16.2,288.34,32.02,19.75,7.29
27.63,19.73,59.22,15.55,678.55,10.29,23.28,42.09
2.82,10.18,87.2,7.48,394.49,22.88,17.89,50.63
23.75,63.91,59.7,24.45,590.25,17.4,24.3,20.17
36.62,70.6,29.74,24.58,213.56,6.7,16.3,20.05
8.24,69.34,51.08,16.73,253.4,19.19,17.04,13.36
31.2,64.53,99.99,22.2,517.23,7.01,18.46,31.51
2.41,35.9,0.96,5.46,761.41,48.19,20.56,42.95
30.81,41.56,83.99,19.55,212.0,1.54,23.37,27.92
12.37,53.76,16.82,18.29,706.89,38.3,21.05,21.13
5.14,77.51,82.33,14.67,766.96,2.08,22.91,25.46
44.54,10.24,83.01,30.05,373.28,49.97,19.95,81.49
36.75,43.91,99.4,31.03,327.71,40.54,21.47,39.51
31.98,63.28,16.6,5.57,304.96,10.35,15.65,26.51
12.65,53.88,32.37,28.16,367.0,13.37,24.44,12.85
30.57,9.52,96.28,31.43,839.08,49.62,24.54,54.27
38.97,24.97,71.14,33.14,721.11,33.81,20.38,73.77
12.09,41.42,45.2,25.35,810.09,4.65,20.67,20.78
42.14,36.91,95.03,13.09,151.85,38.71,23.06,62.31
20.63,66.41,35.82,2.53,550.82,10.89,19.73,22.12
12.08,82.83,33.78,23.12,574.61,24.27,18.78,27.83
2.18,9.96,78.39,18.38,243.18,42.88,19.85,37.01
43.11,20.23,68.86,5.28,637.5,7.95,25.26,96.74
29.46,25.04,37.18,36.15,274.14,19.82,18.36,9.99
10.54,65.55,70.37,0.04,507.61,6.63,17.49,35.8
0.42,69.56,81.71,39.53,466.74,6.61,15.78,6.83
32.88,10.24,31.34,35.24,252.85,38.67,23.28,22.33
44.68,14.29,53.05,0.34,637.52,22.0,22.95,100
6.81,41.17,68.66,34.4,215.02,5.02,23.28,2.9
17.28,96.32,31.45,5.59,357.73,4.21,21.09,15.0
27.34,77.9,69.05,33.92,643.8,15.08,20.7,13.1
33.65,29.55,5.46,35.92,866.0,24.74,16.24,34.0
26.73,52.83,97.77,39.48,850.44,6.6,24.47,15.68
16.44,68.29,76.27,38.18,727.78,0.83,15.74,8.62
1.79,6.05,78.93,20.26,621.43,25.05,19.57,56.02
3.71,53.66,61.6,11.1,382.43,25.57,17.24,27.08
24.14,39.07,63.43,33.38,660.79,3.31,22.69,11.3
38.09,5.79,8.62,17.38,490.03,30.44,18.4,61.42
33.33,11.94,70.79,28.06,272.87,47.65,20.75,54.83
32.43,16.7,12.69,31.24,351.57,44.32,23.49,15.29
36.32,27.2,6.39,28.49,582.49,3.85,20.01,33.6
22.48,56.69,36.77,10.2,227.18,28.7,22.95,13.28
22.9,4.4,86.29,9.78,503.82,19.15,16.65,59.31
38.59,55.29,91.39,29.63,464.53,16.09,19.58,51.2
12.21,7.79,37.28,20.08,826.46,8.97,23.85,38.81
42.93,6.89,46.51,11.29,783.63,16.37,21.08,77.08
9.03,56.38,30.39,24.91,497.95,29.58,20.43,17.73
8.79,90.04,76.05,9.81,154.78,20.5,17.56,22.46
37.78,87.72,95.1,0.06,642.98,42.45,23.0,77.04
23.84,23.82,49.2,2.4,897.72,35.58,16.02,66.21
40.38,51.98,70.08,14.9,880.92,4.25,16.05,55.34
36.9,7.48,56.78,17.4,873.16,11.84,17.87,68.15
36.04,70.07,73.54,12.72,353.97,3.73,17.23,40.8
26.31,15.54,16.44,18.64,454.88,26.8,25.61,28.08
13.87,26.5,11.99,6.3,664.54,41.32,22.67,40.4
37.62,32.78,9.12,9.93,416.81,25.67,22.45,41.6
44.58,3.11,40.44,18.09,711.06,12.49,20.08,80.04
6.29,1.2,83.04,39.3,248.04,41.18,19.09,31.3
29.01,58.23,25.88,32.51,166.35,3.22,24.93,0
5.8,90.51,82.94,13.26,182.02,23.05,16.85,26.74
36.98,39.5,2.95,27.33,279.61,10.74,17.06,24.8
39.75,3.46,61.92,9.83,371.33,20.6,21.06,75.61
12.59,13.72,19.95,35.39,544.36,31.54,23.82,29.95
44.52,78.19,35.91,21.78,513.51,45.63,20.53,52.88
8.09,31.89,21.9,35.83,733.9,2.93,25.91,5.29
34.51,99.96,97.4,4.01,642.65,13.33,23.98,66.17
2.52,99.64,21.94,33.86,748.04,17.74,24.23,2.45
7.92,59.25,80.62,27.91,835.49,1.41,22.71,29.48
25.36,56.31,18.82,39.52,811.22,24.61,18.4,14.9
4.06,23.26,21.88,21.06,150.51,45.89,17.22,21.3
32.26,91.88,84.43,12.94,166.43,29.33,25.09,34.74
38.09,86.07,96.06,14.94,856.44,19.78,16.11,57.02
6.14,15.75,94.87,31.67,870.5,32.46,16.92,48.69
31.21,92.88,78.7,8.93,591.71,8.77,18.38,35.88
5.73,72.88,94.88,37.95,443.7,49.71,25.62,9.32
27.11,92.1,96.75,8.84,574.16,46.83,16.55,56.45
10.71,98.24,16.79,35.41,216.54,35.45,22.03,0
20.1,26.52,24.95,2.71,342.49,5.4,15.01,22.86
32.97,96.91,88.46,19.72,434.03,27.3,16.12,39.79
38.88,65.1,68.72,6.51,205.28,42.29,18.24,51.19
42.82,7.42,17.01,15.02,698.99,27.35,24.88,72.93
26.73,61.36,48.27,1.24,856.83,8.25,24.79,29.57
4.56,20.56,19.0,27.89,691.53,36.5,17.92,34.82
10.69,4.96,57.18,33.59,265.19,18.04,19.7,14.95
29.79,60.02,19.97,1.03,278.12,14.59,15.9,26.44
13.88,39.75,48.91,26.44,218.35,27.21,17.03,23.85
16.62,44.58,26.33,18.6,319.68,13.43,15.68,15.52
30.04,8.57,34.38,21.66,878.03,29.49,21.09,62.41
36.83,41.86,53.55,34.68,506.12,44.08,20.24,36.79
40.62,71.43,50.21,36.02,750.34,33.88,21.82,39.2
34.07,17.29,98.44,38.89,756.35,6.31,19.66,65.88
19.59,99.73,62.72,33.36,343.41,45.54,25.06,2.67
17.46,39.74,32.61,11.05,493.62,43.67,23.65,29.23
23.52,41.96,41.44,5.93,590.95,37.92,25.34,49.25
25.32,10.1,28.61,21.43,407.9,20.54,19.21,35.86
27.4,3.75,27.54,5.75,606.49,34.68,15.43,64.9
14.92,23.76,74.57,36.83,822.77,1.01,23.99,20.03
12.62,49.16,69.62,3.93,801.68,6.72,25.72,31.43
37.16,26.94,41.68,25.82,290.95,10.57,24.06,42.41
34.18,86.72,82.1,20.61,269.23,15.56,20.57,41.36
38.31,87.93,2.89,7.71,774.7,41.85,17.74,50.56
41.31,70.46,27.4,32.94,528.84,31.77,16.36,31.31
16.76,59.4,17.76,34.82,590.16,17.49,16.8,3.94
33.7,68.89,28.51,15.46,272.18,28.61,25.61,20.57
29.13,67.77,26.91,16.38,165.04,39.02,23.44,7.09
41.02,64.74,60.11,0.34,339.29,40.25,18.36,74.67
28.92,42.38,37.65,13.95,339.0,23.33,22.45,24.24
17.87,10.23,51.15,26.49,782.46,18.71,22.12,43.09
13.43,10.81,6.38,39.53,630.45,43.07,17.87,32.11
40.16,29.88,14.99,30.62,824.77,40.27,23.83,49.0
29.72,68.08,72.13,26.22,898.1,12.97,19.6,29.88
1.59,70.81,57.2,7.6,694.91,11.12,20.88,26.85
40.79,67.19,50.73,33.82,780.48,43.82,16.99,45.98
5.76,25.87,80.83,30.52,287.3,33.99,18.69,12.89
15.99,74.42,30.71,31.52,398.49,13.03,18.23,0
21.17,86.64,58.36,37.77,203.41,44.47,20.51,6.67
17.18,29.84,5.41,34.17,253.02,10.01,19.5,0
40.8,45.76,31.64,28.63,734.21,24.38,21.94,50.77
28.55,0.47,27.35,30.45,276.45,38.22,20.39,19.64
3.96,61.45,63.35,16.14,874.0,19.17,15.41,26.99
16.79,1.41,32.22,33.33,292.93,33.84,21.89,13.49
31.21,34.43,12.89,15.34,591.5,8.35,24.06,24.98
13.09,72.78,59.64,13.51,815.98,49.77,18.77,40.01
16.17,18.84,94.81,36.73,452.54,11.42,23.0,19.31
33.03,58.97,16.9,14.66,637.91,1.87,24.64,14.56
24.06,4.86,99.47,26.48,640.18,0.99,22.59,41.17
17.11,54.73,47.44,6.13,671.39,31.52,18.31,41.62
29.81,27.0,60.56,5.49,772.99,5.25,22.91,43.18
5.13,10.63,19.86,7.99,347.25,26.16,17.22,34.03
13.29,3.94,49.64,8.31,849.84,16.53,15.03,52.72
40.81,83.52,66.9,5.97,217.56,25.59,22.96,58.01
11.52,23.12,98.87,11.84,498.21,4.99,16.92,38.39
13.08,80.16,31.27,29.54,221.25,37.91,15.5,18.52
29.85,17.05,35.75,17.51,616.36,43.92,16.02,56.15
8.23,40.08,96.23,10.87,439.29,42.53,23.8,40.49
35.86,11.31,69.62,2.35,856.85,7.97,19.58,100
36.1,67.84,18.13,15.19,418.95,1.44,22.53,25.39
43.81,13.07,92.04,4.52,458.46,2.3,17.88,100
31.71,67.79,76.75,23.07,573.76,48.89,22.37,45.38
23.54,70.06,9.52,26.47,336.43,17.29,22.44,2.85
37.76,55.83,98.78,2.18,632.55,7.85,24.34,61.52
39.12,7.49,49.16,9.64,877.61,2.52,17.45,72.43
18.15,23.5,45.91,32.05,486.07,42.83,19.92,18.19
22.38,65.34,10.26,16.49,567.85,0.01,16.0,12.04
27.86,30.46,50.83,8.27,653.61,47.52,19.0,48.54
10.03,45.45,56.02,24.79,504.85,32.86,22.88,26.14
34.17,22.17,34.14,33.2,873.33,14.6,20.74,48.02
2.06,16.42,14.04,28.67,691.17,5.35,21.72,18.88
41.86,39.29,45.7,31.26,687.59,5.39,19.56,34.27
37.69,58.88,77.21,18.02,643.84,47.81,16.48,66.99
23.87,4.86,93.53,33.55,512.2,25.42,25.13,38.77
26.03,73.05,12.84,15.5,600.41,44.13,20.55,28.85
44.08,91.59,76.24,10.94,872.7,48.52,19.98,74.33
18.57,70.0,74.84,11.96,676.12,43.04,22.83,46.36
28.47,20.09,62.42,11.62,408.97,33.62,25.79,49.5
43.12,50.39,69.43,12.9,236.55,17.61,20.28,49.71
30.02,41.75,74.79,33.66,364.45,42.37,23.89,22.23
1.14,14.53,67.03,8.0,712.64,8.05,18.15,44.51
37.77,69.06,29.51,30.14,174.23,40.7,16.13,20.68
33.28,86.48,74.24,22.45,328.2,39.22,23.79,26.88
29.9,92.65,38.76,38.27,881.87,15.63,21.07,3.13
11.31,62.06,78.09,34.8,772.49,45.57,22.75,26.48
33.98,54.66,60.34,31.05,873.22,14.71,16.95,26.83
8.41,17.38,51.38,15.09,471.38,27.83,16.43,38.84
11.48,33.06,70.97,6.19,265.28,16.13,15.56,44.32
27.7,66.19,49.06,22.91,418.56,39.2,18.5,21.2
8.27,6.82,50.51,16.64,552.78,4.6,17.43,32.13
14.93,36.08,21.84,30.11,547.87,49.83,24.06,19.81
0.4,66.89,44.57,36.18,610.28,31.06,25.55,16.83
14.44,91.59,94.5,15.44,555.18,14.14,25.02,29.22
16.87,80.28,44.56,1.75,823.71,9.63,20.65,32.48
7.53,95.63,53.8,0.29,199.1,33.52,23.51,33.65
19.09,10.39,53.78,28.11,882.17,38.76,22.11,57.4
33.61,15.38,45.92,13.27,215.64,2.71,23.74,33.58
25.87,22.76,25.86,15.52,622.66,21.65,15.19,47.73
24.07,64.14,61.83,30.24,589.21,35.04,15.8,27.28
4.78,78.69,30.14,3.46,723.96,21.88,19.35,40.61
21.33,53.35,13.64,15.64,748.11,27.29,25.56,21.44
30.48,91.42,79.5,29.17,429.85,47.47,21.09,36.55
5.55,0.5,59.67,21.49,860.23,15.23,23.23,46.04
15.47,41.27,64.59,20.5,270.72,11.04,24.18,17.94
8.16,79.97,85.23,34.06,849.28,49.72,20.07,28.5
13.08,6.74,9.82,29.02,515.39,16.54,16.41,36.55
4.5,61.95,90.01,12.71,487.98,30.82,18.36,26.84
25.45,36.45,31.63,17.13,153.62,12.31,17.44,20.4
19.63,84.01,13.43,29.32,808.41,23.14,18.95,23.05
24.83,17.58,60.66,33.67,794.04,7.0,20.92,19.63
39.89,7.65,7.54,0.75,530.38,1.56,21.4,81.05
26.55,90.63,55.16,21.74,899.05,23.61,23.53,36.66
10.05,77.21,73.32,11.64,498.53,25.52,19.36,28.02
29.82,84.8,80.65,24.56,274.38,25.71,19.91,23.79
42.69,65.94,96.77,29.44,512.63,17.94,17.41,58.88
2.83,36.94,4.28,8.27,830.79,18.06,20.17,23.55
2.09,98.06,32.41,28.15,541.03,41.48,24.18,26.63
24.5,17.38,65.37,14.61,640.0,41.77,20.68,50.76
40.83,51.64,35.29,34.71,515.15,24.11,21.65,36.02
6.25,16.56,7.71,25.74,308.64,9.35,18.98,17.17
5.32,23.03,81.12,28.81,511.14,23.94,17.32,48.61
37.5,2.24,4.31,22.94,270.85,31.48,15.43,59.72
2.52,25.83,18.0,38.33,599.52,28.18,15.2,23.2
29.78,28.35,8.57,17.97,894.58,43.37,16.88,50.3
27.04,79.46,82.05,7.28,644.74,13.23,22.97,34.43
20.41,59.06,22.98,15.42,231.43,10.12,24.46,4.04
18.89,14.96,9.63,19.03,611.06,1.95,23.62,27.03
5.29,48.22,13.03,24.14,770.64,44.85,23.52,29.49
23.49,37.04,4.34,21.19,322.11,40.12,23.69,13.81
26.51,74.14,76.15,27.87,223.29,6.69,20.25,14.33
38.66,28.33,87.68,16.35,291.77,35.46,23.68,58.78
5.3,0.72,65.45,27.51,386.93,18.11,16.7,41.52
11.41,85.5,42.36,14.63,356.67,34.03,23.3,14.13
35.27,48.25,37.02,22.2,340.33,15.33,18.79,28.05
33.11,85.5,65.93,29.91,484.95,34.97,16.78,34.14
18.03,33.84,55.06,27.88,680.09,8.04,25.61,20.05
4.1,14.53,92.59,17.42,198.06,11.09,15.88,38.38
17.29,98.44,61.4,20.84,683.7,29.87,25.4,37.2
28.81,43.9,20.17,26.28,752.93,14.3,15.37,29.0
23.21,23.17,16.95,1.44,329.44,0.01,16.73,33.97
35.09,35.31,39.51,23.44,538.31,36.85,15.75,48.9
12.8,82.98,91.5,13.92,872.47,13.83,21.67,25.95
41.84,57.49,26.11,16.29,229.85,3.62,18.24,29.47
36.13,95.67,87.61,32.53,581.17,34.71,25.63,48.63
34.65,75.75,96.12,18.35,495.54,29.34,15.3,52.16
3.04,63.37,99.42,27.08,322.45,15.79,25.51,19.17
0.44,83.22,24.83,3.72,655.27,41.05,15.84,43.31
21.44,35.35,89.43,10.76,860.34,34.16,25.01,49.99
8.98,73.54,87.27,8.27,302.07,12.48,21.8,20.56
4.8,92.02,67.58,26.54,610.37,38.21,20.96,29.42
21.7,62.07,49.23,39.41,822.75,43.44,20.4,25.84
41.22,28.03,22.21,23.07,190.61,39.96,20.26,42.41
22.61,39.37,68.63,6.99,882.38,34.91,20.06,48.89
0.53,21.08,58.1,13.02,609.58,12.99,21.03,31.37
21.21,61.31,36.59,19.95,307.9,35.04,19.1,14.54
12.58,17.99,13.11,23.04,321.43,4.99,17.97,12.36
19.45,38.09,14.58,38.37,262.16,40.28,16.94,4.0
44.8,84.94,51.7,28.82,739.0,15.0,21.18,47.68
17.93,69.05,6.0,32.55,507.4,31.49,19.95,5.35
16.24,56.04,93.18,10.31,164.88,6.06,24.54,24.63
8.95,57.59,64.91,6.98,735.23,17.76,22.41,30.87
33.14,88.96,38.11,11.46,623.78,7.24,16.84,33.08
15.18,63.13,57.16,33.96,203.51,8.1,17.51,0
13.11,26.75,64.46,10.85,483.67,43.14,18.99,41.87
43.45,41.4,18.39,0.92,695.83,33.1,25.34,69.01
3.6,16.69,10.3,2.55,809.02,27.42,15.29,52.97
34.42,8.33,26.25,6.21,641.12,44.27,18.4,92.47
12.79,62.65,13.13,33.54,171.43,33.18,24.46,0
21.43,97.5,54.06,10.9,483.63,48.48,22.67,23.77
26.89,63.1,63.59,22.56,542.59,31.98,18.41,37.47
24.29,80.47,44.19,14.63,344.86,15.18,15.0,22.15
38.16,34.39,46.92,0.33,841.57,47.35,20.25,74.09
19.37,29.29,23.12,0.29,430.23,20.59,21.17,34.95
7.35,73.71,38.97,15.13,347.24,21.11,17.64,13.65
40.95,80.76,68.46,11.39,707.2,40.44,19.54,81.53
8.21,28.96,63.69,24.71,354.1,31.14,17.07,24.19
2.23,53.5,18.59,4.09,351.9,35.76,23.0,14.33
6.78,49.36,34.19,12.46,749.6,49.9,20.1,34.91
14.86,84.35,95.16,2.24,731.74,3.57,20.17,31.92
37.87,81.73,82.83,4.88,726.11,12.45,23.48,64.43
33.19,3.35,46.08,30.84,540.85,49.11,20.2,49.81
14.04,32.31,62.92,1.69,853.07,26.05,17.79,58.39
8.94,88.75,86.37,8.71,234.7,31.65,18.57,23.67
12.42,11.96,78.91,0.36,181.5,39.17,20.23,54.96
16.71,8.95,15.77,3.66,613.98,46.54,25.97,56.25
2.69,64.46,70.13,31.66,244.37,11.63,25.8,3.89
34.05,80.55,43.87,7.72,666.94,17.91,16.48,49.99
21.84,43.75,29.47,27.88,292.33,9.33,18.82,7.32
12.39,83.13,91.45,22.18,201.66,7.75,18.25,12.63
16.52,0.07,63.8,15.16,289.15,0.94,24.43,34.76
10.75,72.1,65.83,21.56,440.62,26.2,20.47,23.51
27.59,32.26,64.09,4.42,542.4,3.33,24.19,40.3
39.31,20.21,48.54,3.95,578.26,41.81,22.24,98.26
31.56,25.59,36.64,24.24,203.16,46.51,17.3,33.91
40.04,8.0,80.1,2.43,568.51,46.91,19.58,100
31.88,82.36,26.58,1.63,202.79,15.2,25.39,28.61
4.37,72.52,53.17,7.58,544.64,12.44,21.88,20.79
33.71,41.52,10.55,25.54,418.47,22.94,22.32,29.83
7.51,18.04,40.16,13.5,268.63,49.92,19.87,31.52
14.18,99.15,32.47,14.87,723.14,21.53,22.98,30.08
25.34,21.39,76.57,37.05,340.57,48.08,19.92,25.97
32.68,98.3,59.58,20.7,895.06,15.09,18.3,29.22
38.51,2.17,82.19,27.59,356.97,27.68,21.12,82.26
6.96,3.77,35.57,5.54,425.31,29.11,17.56,48.11
4.14,39.98,91.79,29.37,692.69,39.65,16.9,49.26
31.03,57.62,90.77,23.81,375.29,36.54,21.34,27.78
2.52,77.09,34.79,32.69,462.39,43.39,24.57,0.27
29.38,60.23,1.14,31.1,436.87,15.24,15.45,2.4
6.73,50.24,22.08,2.02,698.68,19.64,19.9,21.95
22.71,22.21,28.98,15.77,249.14,4.13,21.29,10.49
17.96,8.51,50.18,30.95,247.78,6.74,21.15,12.88
29.35,19.61,61.6,29.43,334.68,3.58,23.54,30.23
41.59,8.96,67.17,16.94,411.23,16.04,21.53,78.24
13.72,98.77,61.62,39.61,481.66,7.29,15.49,8.18
8.99,37.38,75.77,34.11,234.28,2.73,25.44,6.27
39.09,82.01,1.37,27.75,233.46,22.5,15.25,26.09
24.21,20.38,52.33,10.35,512.27,36.5,16.55,55.99
0.83,58.3,66.35,1.74,277.74,14.2,23.68,27.18
2.39,65.48,0.83,15.55,353.48,42.6,22.26,13.64
0.86,86.74,64.94,9.25,435.53,48.83,16.1,33.15
39.0,53.16,18.64,20.03,493.49,46.32,15.24,33.47
23.82,33.36,39.34,6.28,410.08,17.6,21.88,29.36
44.02,50.13,81.19,25.03,809.01,44.52,23.96,71.29
24.97,28.02,15.17,35.89,642.7,4.39,19.2,6.61
27.56,62.55,22.74,9.61,264.56,48.53,25.01,18.29
24.4,20.68,13.86,21.65,750.08,43.13,18.4,45.05
23.57,13.53,99.57,39.03,258.86,46.65,25.09,28.17
25.08,94.86,11.84,12.7,809.73,36.35,23.42,33.8
18.63,41.13,44.3,37.35,820.6,46.66,18.01,28.79
4.8,18.47,76.24,24.48,350.15,28.35,17.54,31.32
30.93,35.93,68.81,19.06,526.74,30.24,22.83,47.74
38.35,49.14,13.75,7.73,174.17,38.23,15.17,31.7
18.59,74.24,98.82,30.31,199.6,46.36,25.84,13.67
22.05,32.49,45.75,9.87,453.65,2.09,23.09,25.8
14.08,61.15,74.25,23.75,543.92,43.79,23.66,37.21
20.32,82.7,4.24,39.83,539.03,19.78,23.09,0
23.23,63.06,4.93,11.65,448.53,15.23,24.1,12.61
19.01,61.31,5.45,20.68,256.68,41.49,19.97,12.23
5.09,77.87,93.78,27.84,251.48,20.68,19.96,18.79
26.56,71.26,20.19,18.19,337.56,34.59,24.98,14.96
32.33,12.35,11.42,17.98,422.21,26.19,19.22,43.91
23.02,94.98,37.87,15.22,726.2,45.61,21.22,33.6
6.75,86.88,17.89,28.48,464.69,15.48,23.45,7.46
28.19,11.76,13.16,8.11,616.92,12.66,20.05,44.55
24.46,0.58,88.27,9.52,591.65,23.79,19.51,57.79
27.0,24.47,54.73,24.79,568.16,41.26,15.54,53.48
29.4,3.67,85.38,26.68,778.51,14.92,25.12,49.49
18.76,17.82,67.21,24.44,668.64,29.75,23.66,45.77
20.49,57.9,93.15,3.73,374.47,18.43,19.17,24.68
19.23,55.05,29.28,5.38,670.96,13.72,20.8,21.25
31.31,61.21,10.93,29.19,621.73,49.36,20.32,36.89
42.03,98.63,28.72,24.35,387.37,26.27,25.95,30.54
5.84,56.26,51.97,25.27,519.38,9.0,21.7,17.09
44.07,0.16,2.4,25.02,238.44,42.4,23.8,69.99
18.63,33.38,56.04,25.5,158.47,10.06,18.1,24.9
13.85,50.67,32.39,0.25,664.38,17.07,22.97,31.16
1.31,17.56,33.05,13.52,654.35,45.81,23.77,45.46
21.67,62.72,89.21,21.48,401.33,39.2,19.55,28.43
37.58,29.93,72.5,12.62,551.91,10.41,22.54,62.0
39.96,35.36,96.96,11.22,173.38,49.18,21.89,64.42
25.69,38.96,59.52,34.58,713.66,35.26,18.46,23.32
18.62,49.71,23.76,18.08,863.05,10.81,18.33,10.12
35.32,77.78,91.34,17.75,168.7,24.13,20.5,44.9
41.56,73.24,52.36,31.02,257.47,43.59,24.04,32.38
30.45,13.27,72.46,18.37,685.26,26.12,15.05,72.32
30.92,59.43,8.71,18.68,184.6,26.03,22.25,15.12
25.99,31.21,89.21,12.84,294.41,13.83,18.51,33.41
5.29,14.93,27.36,0.61,617.21,25.7,17.27,55.5
14.33,14.16,70.44,11.33,333.62,3.56,21.75,35.39
19.96,13.01,47.07,27.02,229.45,2.69,19.69,24.79
26.83,59.28,83.62,27.97,612.24,15.62,23.99,33.13
30.19,53.35,97.37,30.23,499.27,6.59,23.94,18.2
21.07,45.56,68.45,28.41,499.05,11.58,17.46,23.61
27.76,91.29,39.21,27.98,648.89,39.44,24.71,30.53
1.36,47.53,35.14,18.45,278.1,38.4,21.65,7.27
4.63,81.76,79.68,13.03,637.09,39.62,20.86,33.01
18.6,62.09,54.79,38.96,437.86,17.04,23.95,1.91
35.29,43.54,78.73,21.78,327.12,33.13,15.86,58.31
25.84,48.66,59.22,18.52,566.32,41.1,16.94,46.56
3.13,10.87,81.41,30.85,434.18,24.71,22.26,26.91
36.77,88.73,90.33,25.45,150.14,7.34,16.64,45.31
17.55,57.79,19.57,27.26,387.45,28.51,25.05,5.05
42.45,43.47,98.26,13.77,216.97,0.41,25.85,52.04
5.74,29.42,36.92,21.96,189.85,35.17,24.03,19.59
38.76,86.57,23.52,28.09,445.7,15.91,19.21,24.82
24.53,66.25,47.49,7.53,438.45,46.22,24.24,23.54
44.89,67.01,13.43,2.87,161.78,36.07,20.35,41.37
44.56,8.47,64.22,16.63,492.02,39.45,21.65,85.26
8.09,50.94,55.21,18.0,416.48,9.29,21.65,12.78
38.11,23.67,50.17,16.43,559.62,18.35,25.76,62.68
31.72,11.32,48.15,27.62,256.57,36.56,25.82,49.84
35.05,46.49,7.82,35.6,216.33,23.62,23.16,14.6
3.51,63.37,79.81,12.5,189.58,17.18,23.56,15.69
23.07,46.92,73.38,16.84,870.44,39.91,18.18,32.35
41.53,74.94,72.7,22.55,196.06,23.66,16.86,51.52
44.57,80.89,62.43,11.47,211.88,25.28,24.37,54.78
5.96,28.1,85.79,0.57,233.66,8.73,21.51,36.51
20.1,80.78,26.13,28.03,513.69,39.97,24.48,20.43
3.8,14.51,93.39,6.17,521.96,49.68,23.47,67.38
19.81,63.76,21.09,29.37,408.81,32.11,23.31,7.16
7.54,39.87,30.14,29.85,714.32,26.63,19.18,36.06
21.36,14.51,87.03,0.47,845.42,22.44,22.46,79.62
30.73,4.1,91.77,25.5,867.14,21.59,25.1,73.58
15.07,26.71,9.83,26.17,443.37,38.66,23.24,23.34
26.49,19.49,33.74,27.61,284.94,27.38,22.4,34.32
0.54,9.77,10.39,17.84,314.56,14.16,17.12,19.24
4.14,93.85,65.66,33.42,862.87,31.9,22.79,18.2
38.54,12.99,65.64,36.0,574.55,48.36,24.86,79.96
11.4,46.7,93.62,25.55,842.02,13.82,19.7,33.03
34.64,32.34,16.2,2.96,732.83,19.14,18.66,47.6
43.0,26.47,44.06,19.67,846.44,30.52,16.96,71.92
6.47,76.87,21.84,25.73,834.46,35.77,16.14,24.73
25.71,25.06,44.59,35.86,261.64,32.02,25.26,16.65
11.99,70.01,90.46,22.99,536.54,47.0,20.4,39.36
37.98,78.09,78.54,21.61,152.48,47.71,24.0,47.82
25.53,93.5,35.89,27.27,450.46,31.61,25.55,15.91
24.06,96.09,8.05,18.39,724.88,32.39,16.94,24.39
17.29,19.1,69.59,35.86,622.96,17.96,15.93,28.33
33.09,13.99,19.31,28.79,594.71,24.46,15.69,56.41
13.85,53.39,83.43,17.97,896.88,1.85,15.62,31.88
1.93,11.82,80.71,26.69,493.78,33.9,24.62,42.49
26.07,92.48,3.69,5.66,640.37,23.56,25.1,32.46
31.56,13.05,17.22,2.0,380.5,39.68,20.02,43.71
26.6,81.78,10.63,19.89,749.38,11.03,23.85,18.26
36.52,98.22,67.84,12.97,881.89,28.8,16.51,70.36
35.69,76.42,59.31,13.42,240.56,7.06,19.57,27.96
24.9,43.87,92.57,1.63,224.98,42.37,21.74,42.78
0.7,48.7,0.63,7.18,216.86,32.59,24.76,11.16
36.33,77.26,69.24,8.25,629.87,26.15,19.53,69.38
27.47,3.76,18.0,20.0,862.72,31.36,23.61,48.48
0.21,23.56,11.75,21.21,221.76,18.1,23.37,19.4
9.87,77.03,65.93,11.06,295.29,39.83,22.54,28.69
21.35,17.63,67.01,1.72,633.65,14.25,19.78,46.34
36.23,75.84,4.33,29.62,843.65,8.79,23.64,27.85
5.22,89.51,72.14,23.71,394.48,9.94,22.45,10.26
35.05,32.61,9.81,29.51,802.41,18.78,17.43,41.71
21.8,89.05,14.49,37.12,491.24,19.37,16.5,0
28.44,97.56,20.22,5.09,669.16,2.98,16.5,29.52
20.64,17.12,34.36,35.46,602.73,39.48,22.02,27.12
7.65,97.01,85.5,3.46,792.73,24.46,25.95,50.92
37.66,27.92,73.0,29.45,334.99,16.36,21.37,55.92
26.63,14.9,57.37,0.2,885.14,2.0,20.18,60.69
1.51,53.11,47.93,31.92,765.97,22.62,17.65,18.58
0.56,73.18,94.99,5.31,371.84,32.38,16.0,35.8
13.72,70.33,85.79,29.89,168.31,22.74,23.49,25.74
18.24,78.99,37.04,18.57,625.05,43.02,15.78,36.93
14.98,3.27,42.59,10.79,859.57,27.12,23.74,60.88
3.64,88.08,73.58,2.19,858.99,33.73,24.77,43.11
16.45,61.91,36.56,7.01,569.09,3.35,22.8,13.05
44.16,23.86,11.36,19.14,854.36,29.01,25.55,72.1
33.53,22.54,35.27,10.69,660.17,13.86,15.7,47.45
21.88,52.67,12.27,28.39,658.73,26.64,18.21,23.21
36.0,94.54,80.88,37.64,199.22,44.6,20.04,31.8
40.41,28.84,95.66,4.37,356.96,34.85,20.46,78.75
23.43,62.73,29.32,38.78,556.08,6.6,18.81,0
29.01,29.15,6.29,34.87,324.25,47.37,22.09,9.12
15.43,64.61,32.63,23.73,672.65,42.1,19.9,27.04
5.94,78.93,17.17,10.4,513.18,48.54,23.47,25.47
15.89,45.59,16.64,36.97,683.86,14.26,25.71,0
31.18,66.64,15.35,9.52,180.86,15.83,16.39,20.6
8.3,56.25,3.47,12.68,407.89,18.65,20.94,4.63
13.57,92.04,40.46,19.98,259.04,22.9,18.52,10.04
33.23,97.56,33.13,28.22,505.43,14.49,25.38,29.81
25.82,14.71,56.52,36.28,481.58,34.46,23.05,33.0
6.27,55.1,30.81,16.07,780.66,22.3,16.02,28.55
28.86,58.34,22.21,37.43,358.45,1.13,20.92,0
30.22,8.74,51.18,7.78,388.32,30.25,25.38,54.08
16.25,14.79,85.38,14.79,429.62,14.23,18.86,47.78
39.34,8.76,72.79,17.77,894.45,40.18,18.17,99.06
43.67,42.38,89.64,5.58,590.39,4.3,17.29,69.75
39.04,98.66,6.61,38.4,717.09,4.42,19.5,17.14
18.65,55.58,71.02,30.21,252.7,9.3,19.2,0
1.9,82.62,83.46,12.16,569.46,23.17,15.3,36.02
11.82,95.6,83.42,18.9,640.36,44.63,19.59,39.92
30.95,24.48,11.94,11.09,895.75,3.34,23.2,40.81
25.45,86.83,62.8,19.04,670.68,5.98,20.64,24.75
38.04,16.28,5.85,12.79,808.74,6.77,16.8,54.73
18.88,91.21,35.6,11.59,547.21,46.82,20.65,36.66
8.25,9.45,75.26,21.75,804.33,41.34,22.53,58.01
30.84,68.83,9.58,23.2,767.49,0.64,20.7,18.73
21.82,34.03,91.08,4.1,265.92,11.06,17.07,42.97
27.6,83.14,52.57,21.28,563.33,37.82,16.25,38.6
3.44,81.88,92.34,19.18,383.68,18.13,23.99,22.9
26.89,76.36,34.2,28.4,171.57,40.73,17.45,22.57
6.41,22.66,12.53,5.21,208.95,34.54,23.62,27.78
34.86,75.73,4.25,4.31,744.79,25.67,15.65,53.19
11.39,6.62,66.76,30.18,736.78,46.0,17.26,49.01
8.32,35.15,9.08,33.83,856.38,47.44,18.83,14.61
22.53,72.86,24.18,22.81,224.33,28.91,15.15,8.17
8.62,28.19,90.17,21.49,880.18,4.93,17.35,35.04
31.85,36.65,58.94,17.59,868.31,9.04,18.9,31.8
9.64,22.76,11.28,39.38,242.71,5.52,16.5,6.62
31.71,55.71,4.06,13.12,236.79,14.18,21.6,12.12
43.93,44.4,55.39,11.62,791.52,9.44,15.77,60.41
21.41,67.91,17.93,39.95,518.74,5.26,19.82,0
3.83,14.34,40.06,23.62,226.29,46.26,25.76,33.65
43.88,33.86,59.5,39.63,242.07,41.91,22.98,35.79
32.11,58.19,27.3,31.58,632.87,20.01,20.23,18.03
18.2,48.45,27.89,30.72,231.03,12.53,20.47,0
6.06,9.96,5.29,2.73,658.58,48.6,19.21,56.79
6.87,62.2,9.63,3.06,713.71,38.38,23.72,32.02
29.79,49.03,26.17,13.74,794.75,27.33,25.48,25.32
19.37,91.49,38.36,12.58,432.25,22.98,15.36,19.57
38.72,30.3,70.61,19.66,250.87,35.79,20.36,51.09
30.38,66.01,68.54,22.89,506.93,42.72,20.57,45.91
22.26,97.09,61.69,14.11,883.34,16.02,15.31,25.45
37.66,34.89,74.21,1.08,818.51,17.06,16.07,74.45
16.08,35.13,66.12,9.9,636.06,29.63,25.01,39.66
13.72,33.76,1.97,13.04,495.68,43.17,21.25,28.01
12.0,69.6,58.8,39.43,433.3,19.52,21.3,4.08
4.5,67.51,33.6,20.11,723.68,16.98,21.76,16.63
19.62,49.7,84.73,31.49,780.29,26.79,18.16,20.48
44.83,40.2,22.59,29.72,218.97,42.21,16.04,42.37
3.03,80.12,47.53,8.39,746.74,32.58,18.32,41.04
19.48,53.99,20.01,16.09,618.72,22.66,23.4,18.81
0.84,70.33,86.27,23.07,309.71,48.11,23.16,24.67
42.17,53.27,61.44,30.76,475.29,28.31,21.89,41.22
16.39,14.77,15.05,27.41,375.21,21.77,18.51,30.3
2.9,20.36,41.24,32.95,634.53,12.82,21.61,18.06
5.11,19.19,24.56,33.09,498.12,27.99,19.8,12.47
1.67,15.94,13.64,10.34,752.65,32.93,16.94,52.53
43.37,48.58,1.99,34.38,212.95,30.08,24.54,21.01
18.32,36.34,65.74,3.61,857.37,36.21,16.55,52.12
33.05,93.29,52.2,33.16,862.26,46.58,17.77,34.85
10.71,12.23,80.67,13.17,588.24,19.5,23.23,43.36
19.03,14.43,17.52,38.8,479.61,12.72,21.48,12.9
16.86,94.87,31.65,16.95,662.05,48.17,24.67,33.37
16.33,71.57,82.14,0.84,875.1,30.29,24.26,56.62
42.34,69.07,78.88,9.59,564.55,15.46,25.54,59.63
36.55,12.21,86.7,34.31,441.35,45.49,19.32,74.78
11.5,9.03,82.27,9.42,307.79,44.51,25.07,51.31
39.58,76.67,40.63,1.36,799.83,41.16,25.35,63.71
18.58,84.12,71.74,35.07,765.18,41.22,22.68,25.06
15.83,60.21,81.34,29.51,489.95,1.37,15.57,24.42
28.36,79.1,13.61,16.03,621.22,15.69,15.9,16.58
23.24,96.97,83.06,30.53,785.22,34.29,23.72,23.19
21.53,73.52,26.07,27.5,770.08,39.98,17.19,24.14
8.19,87.64,94.48,35.37,318.37,47.41,25.15,11.47
28.2,90.68,97.41,7.93,675.95,8.44,19.41,31.29
11.71,8.91,36.79,37.89,238.01,35.93,19.79,20.2
20.42,67.36,11.85,28.54,292.91,43.1,23.6,7.88
22.24,13.02,85.63,24.0,896.41,14.15,22.45,48.18
18.38,14.59,29.02,10.47,613.26,45.37,19.07,51.84
20.62,1.03,13.32,12.93,669.77,34.34,22.85,44.08
33.12,25.62,9.53,2.35,399.65,11.74,24.99,38.97
42.27,96.72,59.82,29.93,184.13,12.68,21.82,35.03
17.76,37.09,96.81,22.38,585.37,13.01,20.54,35.3
39.51,13.19,31.73,21.22,256.35,5.84,15.49,52.28
39.23,83.48,74.78,37.05,362.19,43.85,21.74,35.62
11.87,31.3,89.27,12.62,895.92,38.18,16.66,57.53
29.58,79.82,5.32,5.94,322.4,1.79,17.86,17.06
19.64,99.52,92.72,1.63,417.39,35.45,20.34,35.93
38.06,86.69,12.37,3.74,801.13,9.03,16.85,42.09
12.28,89.09,58.57,23.34,878.72,26.3,21.28,32.16
3.46,76.83,67.69,35.49,169.47,34.07,22.49,2.94
26.57,95.12,83.7,6.15,210.8,41.53,22.25,39.54
42.98,59.42,0.58,38.79,642.13,47.54,18.57,37.32
33.04,95.74,56.92,8.45,186.51,32.18,18.55,25.56
3.18,95.19,38.14,15.95,283.51,48.25,24.52,9.89
38.36,16.29,77.95,11.4,714.42,32.7,16.33,96.91
19.46,80.64,31.01,27.4,248.47,33.28,24.15,11.13
22.03,88.54,47.64,22.52,467.3,37.82,23.92,20.14
19.53,42.6,4.04,13.67,497.64,11.21,22.55,9.55
22.29,62.96,52.47,11.63,478.02,45.36,20.25,23.49
5.75,90.29,84.15,20.92,371.61,2.39,15.84,14.45
4.84,42.49,9.45,26.43,576.36,12.67,17.8,11.82
22.66,11.39,66.16,7.18,286.66,19.65,15.92,48.77
13.39,58.72,45.5,26.81,617.86,13.25,25.63,22.71
8.42,18.51,74.7,24.16,803.71,5.32,20.88,32.06
5.25,17.17,47.71,27.67,801.59,48.29,21.62,50.87
27.83,97.39,36.07,26.95,667.72,19.75,18.33,16.25
0.62,11.19,1.59,38.82,794.26,10.46,22.13,20.5
19.61,62.61,79.0,7.64,375.69,23.17,20.21,19.22
7.47,15.24,70.26,38.55,503.62,42.99,21.44,34.01
25.62,83.38,5.09,0.31,622.81,35.65,25.77,45.49
33.17,59.58,55.43,11.63,515.62,24.31,21.5,46.11
30.54,81.67,48.79,28.57,546.23,21.1,18.47,35.64
40.18,41.71,47.33,19.79,854.22,17.34,22.67,47.21
12.96,19.22,34.38,9.28,314.78,45.45,18.73,35.02
37.91,65.7,13.12,11.74,683.54,47.99,24.16,49.73
33.06,79.6,79.98,33.78,616.38,14.12,23.24,19.67
5.81,19.95,60.57,4.04,461.99,49.69,18.34,48.09
2.12,1.81,88.09,14.28,268.95,41.4,24.84,40.32
2.86,43.06,61.76,4.83,318.07,12.89,18.74,29.55
2.1,87.77,26.75,6.05,667.6,25.77,22.36,34.06
41.7,43.78,45.71,33.66,233.2,5.29,21.72,25.82
42.63,82.36,4.2,4.22,622.44,43.54,25.02,56.57
13.15,44.15,50.59,29.3,224.47,32.35,18.68,16.38
38.19,43.91,41.57,30.76,333.99,40.46,18.75,26.05
3.84,37.24,75.48,14.43,648.75,7.58,23.29,23.22
10.27,80.18,41.34,16.37,494.06,42.62,23.74,20.62
1.34,14.56,0.99,32.25,857.73,4.24,18.46,19.82
7.39,6.15,75.92,26.41,631.1,45.13,15.64,62.32
32.1,66.04,51.98,11.83,451.5,34.04,21.09,32.04
33.42,90.92,0.79,11.19,545.84,46.02,22.7,39.46
9.23,54.44,78.83,26.08,673.1,44.38,23.6,36.05
8.88,30.15,3.7,13.38,693.82,37.0,16.39,40.92
12.78,9.28,55.18,20.85,717.78,8.0,15.31,44.97
26.66,24.13,77.42,29.06,890.22,5.52,15.66,44.73
28.21,35.45,4.77,26.04,243.56,14.9,23.11,13.53
44.23,80.54,98.9,22.62,820.75,31.39,20.87,73.96
15.77,28.45,78.48,28.59,654.33,35.72,20.72,41.48
14.75,58.24,82.28,14.45,223.49,35.58,24.11,17.82
2.8,88.85,47.63,17.85,426.97,26.31,21.47,19.19
17.77,26.37,49.88,16.94,480.06,46.55,20.38,36.73
37.07,14.43,12.71,28.45,247.04,35.23,24.5,51.18
9.57,47.34,74.65,37.76,427.0,47.59,21.62,10.09
5.44,57.18,4.03,6.13,428.6,49.55,18.34,23.86
35.6,14.21,58.96,1.95,820.69,44.45,17.37,100
22.0,12.23,34.86,34.82,463.18,28.65,21.22,24.0
35.16,47.52,72.0,24.23,721.46,25.24,20.07,62.5
20.21,86.63,32.52,31.99,648.38,20.48,17.56,9.95
24.34,95.81,89.0,29.44,634.44,43.3,22.78,40.72
35.83,70.74,56.1,4.95,569.51,9.62,21.81,43.77
2.38,57.02,18.94,19.03,822.65,6.01,25.3,6.8
0.85,78.68,24.53,28.22,815.74,22.21,23.88,26.07
18.08,4.5,86.2,0.93,477.76,20.75,24.46,59.17
11.57,11.46,9.93,6.73,258.03,12.78,15.99,31.07
18.33,16.92,61.45,13.01,170.38,2.93,19.29,25.2
18.58,32.42,37.55,33.11,240.72,10.13,23.27,3.86
22.18,75.24,38.5,4.6,195.47,23.24,19.48,20.84
18.34,23.37,88.62,10.77,872.61,33.75,17.71,60.55
35.33,30.46,40.67,3.36,626.85,10.17,25.65,55.73
44.34,78.2,53.75,16.95,833.62,22.59,15.01,61.65
37.32,28.92,97.21,0.02,850.13,24.11,21.58,94.39
17.11,35.14,63.22,23.41,532.75,2.27,23.13,24.63
13.53,39.53,12.3,5.59,567.36,13.97,19.75,27.1
43.08,31.83,68.21,13.71,346.02,37.63,19.98,59.46
44.24,34.16,45.98,23.98,161.91,34.59,22.11,45.02
21.44,90.14,67.27,16.53,821.45,35.16,23.39,37.38
35.43,64.91,7.75,1.24,774.06,33.58,22.39,51.53
36.58,82.75,35.8,7.09,725.97,34.85,15.09,55.63
42.13,44.46,22.15,0.79,360.85,46.07,18.94,50.9
27.6,30.32,71.78,9.37,520.36,18.15,18.09,47.05
31.81,20.91,19.61,32.84,447.06,43.5,21.26,23.94
24.83,65.98,56.57,27.3,573.86,3.27,16.41,14.65
11.68,56.99,22.8,20.92,736.69,9.59,22.46,14.92
31.18,53.29,25.29,22.4,490.44,46.89,22.05,28.43
2.33,93.88,43.25,39.8,355.53,34.01,20.13,0
34.16,88.38,22.45,11.12,465.05,22.44,15.06,34.95
3.68,57.18,2.54,29.5,883.57,21.19,15.82,26.5
7.4,31.08,62.6,3.87,509.97,40.4,21.52,58.26
15.04,25.04,10.78,9.53,405.6,2.72,18.67,21.94
42.46,77.57,61.96,30.56,619.01,28.95,15.94,51.61
1.5,31.33,84.77,2.6,245.65,45.96,19.86,43.01
28.18,6.58,67.76,22.37,371.19,19.07,16.05,47.52
10.49,59.96,65.97,0.42,437.94,39.76,24.68,39.19
15.28,93.76,78.29,18.16,396.15,9.62,16.13,16.95
3.04,78.94,19.36,22.93,628.02,12.81,19.63,13.25
20.01,24.32,79.7,2.42,383.75,21.79,25.56,46.54
14.0,88.52,77.55,5.9,381.51,17.15,19.06,21.08
26.39,67.83,5.73,20.28,776.38,42.94,19.64,29.95
9.02,90.85,78.53,13.66,650.9,34.74,25.8,35.0
14.9,57.84,96.31,24.64,464.02,8.11,20.0,21.89
1.9,21.94,0.37,8.92,322.71,31.2,17.63,29.35
42.87,33.15,74.01,8.21,288.18,49.49,18.99,65.74
1.35,11.52,29.06,7.78,589.26,38.28,15.48,46.3
8.9,17.41,88.54,28.75,404.86,27.73,16.96,40.21
37.93,91.06,2.1,27.1,434.19,39.37,16.22,37.36
13.73,24.01,80.95,26.44,855.87,48.86,25.97,61.82
39.53,6.54,14.44,36.97,746.17,9.58,19.16,41.74
26.98,97.7,24.45,1.85,612.02,9.46,20.89,24.9
14.75,5.33,79.56,34.91,788.63,48.42,24.74,42.09
3.66,47.07,66.35,2.59,531.46,37.57,22.1,44.09
22.44,46.43,32.18,14.96,670.88,35.78,20.44,23.68
18.04,92.12,58.4,1.46,314.64,10.15,24.49,20.96
13.77,88.87,57.14,37.42,430.58,27.53,16.48,3.84
20.0,35.16,58.4,18.61,615.84,21.31,20.14,34.09
36.2,31.7,38.24,7.18,325.34,32.27,18.95,39.82
37.92,51.28,64.37,31.43,844.95,4.92,15.78,32.38
9.01,19.66,32.92,12.11,761.67,34.18,18.02,46.06
44.91,99.84,75.24,29.59,834.29,0.43,18.29,58.22
35.24,40.38,40.58,23.2,641.48,23.6,20.64,55.61
6.72,39.75,22.69,29.97,505.83,25.79,23.65,29.58
32.51,46.14,79.19,12.52,290.88,38.51,22.68,26.1
20.25,55.84,37.47,23.1,246.26,47.17,15.11,21.1
37.54,33.98,41.91,27.43,452.53,38.93,20.91,45.26
1.05,78.54,92.21,6.15,864.48,16.51,21.93,40.03
27.35,86.69,98.02,8.17,442.98,26.72,17.07,32.09
25.63,45.15,89.47,3.73,228.23,27.65,15.35,42.89
21.99,18.67,6.95,38.52,362.86,11.65,22.26,0
2.59,51.85,17.18,34.39,458.15,7.85,16.22,0
21.52,6.88,95.51,34.63,247.45,10.28,19.75,26.1
21.37,60.37,93.92,23.5,526.86,34.24,18.03,32.07
6.42,6.4,39.92,32.3,544.39,45.52,24.67,33.6
25.93,73.73,28.79,35.24,492.23,35.02,22.83,0
27.59,81.0,17.51,9.97,824.97,36.66,20.04,39.11
8.25,56.86,39.36,37.83,329.77,43.53,18.01,0.28
13.14,91.63,69.8,28.9,312.94,24.67,25.92,19.53
44.79,7.65,10.52,30.66,394.51,22.55,17.78,47.06
20.8,7.32,69.45,29.99,435.87,37.3,24.41,41.97
0.48,11.47,91.71,13.08,711.51,24.24,15.75,64.48
10.9,95.0,14.03,32.82,781.17,8.53,15.2,0
13.24,53.47,39.08,3.1,722.69,33.87,16.69,41.58
9.75,3.44,67.5,8.65,672.56,41.83,23.93,63.41
32.24,89.7,39.06,12.33,189.31,0.23,23.5,16.67
41.8,37.46,23.85,3.66,466.26,49.46,18.71,50.92
30.1,22.06,88.23,31.88,772.84,8.39,16.84,38.16
4.85,32.71,56.21,7.58,305.34,27.09,25.33,26.21
9.62,35.66,17.36,16.09,387.18,19.46,20.05,4.66
36.68,64.99,36.9,2.69,313.92,15.08,21.59,40.83
4.58,53.62,99.05,34.02,278.59,47.95,21.6,14.81
31.33,67.79,97.24,27.75,399.03,31.77,24.72,30.18
38.32,48.21,33.51,24.34,588.78,19.12,22.05,30.32
26.44,98.84,23.26,24.65,822.58,15.44,23.12,21.57
27.89,5.99,37.45,11.86,263.75,10.22,15.42,46.23
26.91,94.59,73.93,13.15,358.59,32.18,23.37,24.21
43.99,64.8,28.85,0.95,785.2,16.56,17.66,54.39
40.8,66.5,24.83,27.49,689.63,30.4,19.2,45.22
19.91,0.6,86.99,2.8,294.35,31.72,16.56,53.04
4.13,59.26,83.12,37.27,327.23,3.91,22.97,0
32.48,24.49,17.64,9.96,364.01,22.41,21.99,34.72
35.16,8.0,97.26,15.93,275.82,22.07,20.56,80.35
34.21,81.96,79.36,0.79,436.06,42.7,23.35,71.22
26.78,15.28,72.66,10.29,497.74,22.68,19.13,49.06
3.24,13.67,46.93,6.19,292.22,0.64,20.51,40.25
22.12,92.57,94.03,38.82,429.86,24.48,22.05,11.88
18.4,3.88,92.16,15.39,574.21,9.71,19.8,39.55
41.09,72.22,50.96,19.54,666.37,34.82,22.16,59.27
33.1,24.24,3.45,32.53,623.21,33.82,22.67,33.45
11.76,45.55,68.11,10.17,601.61,47.59,24.26,37.12
34.69,64.44,91.69,15.91,589.62,45.05,20.7,62.89
19.03,82.97,25.29,12.09,875.76,32.92,19.21,23.08
18.52,87.64,72.77,3.55,627.14,38.83,18.79,40.43
33.69,93.0,39.8,12.32,890.27,40.82,15.02,41.7
31.33,52.5,65.45,29.32,277.98,18.73,22.74,22.98
8.19,94.85,45.07,32.57,289.23,2.95,17.01,0
