T_mean,RH_mean,Wind_mean,PPT_tot,FFMC,DMC,DC,KBDI,Area Burned (Ha)
medium,normal,low,low,high,medium,medium,medium,low
high,normal,medium,medium,high,medium,medium,medium,low
low,high,medium,medium,low,low,medium,low,high
low,normal,medium,medium,low,low,medium,low,low
medium,normal,medium,high,medium,medium,medium,medium,low
high,normal,medium,high,medium,medium,medium,medium,extreme
low,normal,low,high,low,low,medium,medium,high
medium,low,medium,low,high,high,high,high,low
high,low,high,low,medium,low,low,medium,high
low,very_low,medium,low,extreme,medium,medium,low,high
high,low,high,low,extreme,high,high,high,extreme
high,normal,medium,high,extreme,medium,medium,medium,low
medium,normal,medium,low,high,high,extreme,extreme,low
medium,high,medium,medium,medium,medium,high,medium,low
medium,high,low,high,medium,medium,medium,medium,low
high,low,high,low,medium,high,medium,medium,extreme
high,low,low,low,high,medium,medium,medium,low
high,low,medium,medium,medium,medium,medium,medium,low
medium,very_low,low,low,extreme,low,extreme,high,high
high,low,medium,low,high,high,high,extreme,nonexistent
medium,low,medium,low,high,medium,medium,medium,low
high,low,medium,low,high,medium,medium,medium,low
medium,low,medium,low,high,low,low,medium,high
medium,high,medium,high,low,low,low,low,low
high,normal,medium,low,high,medium,low,medium,low
medium,low,medium,medium,high,medium,medium,medium,low
low,normal,extreme,low,high,low,medium,low,low
high,low,high,low,high,medium,medium,medium,low
medium,low,medium,low,medium,medium,low,low,high
low,normal,medium,low,low,low,medium,high,high
high,low,high,low,medium,low,medium,medium,low
high,normal,low,low,medium,medium,medium,medium,low
medium,low,high,medium,high,medium,high,high,low
medium,low,medium,low,high,extreme,high,high,extreme
medium,normal,medium,low,medium,medium,medium,medium,high
extreme,low,medium,low,extreme,high,medium,medium,high
high,low,high,medium,high,high,extreme,extreme,nonexistent
medium,low,high,low,medium,medium,medium,low,high
high,low,medium,low,high,medium,medium,medium,high
high,low,medium,low,high,low,medium,medium,low
low,very_low,medium,low,low,medium,medium,medium,high
medium,low,medium,low,medium,medium,medium,medium,high
high,high,low,medium,medium,medium,low,medium,high
medium,low,extreme,low,high,medium,high,high,high
medium,normal,low,low,high,medium,medium,medium,low
extreme,very_low,medium,low,extreme,high,high,high,extreme
medium,high,low,low,medium,low,medium,medium,high
medium,low,extreme,low,high,low,medium,medium,low
medium,very_low,high,low,extreme,high,high,medium,high
low,low,high,low,medium,low,low,low,high
low,very_low,extreme,low,extreme,medium,medium,low,high
medium,normal,medium,low,medium,low,medium,medium,high
medium,low,medium,low,high,extreme,extreme,extreme,nonexistent
high,low,medium,low,high,medium,medium,medium,low
high,low,high,low,high,medium,high,medium,low
medium,normal,high,low,medium,medium,high,high,nonexistent
medium,low,high,low,high,extreme,high,high,high
high,very_low,high,low,extreme,high,high,extreme,nonexistent
high,very_low,high,low,extreme,high,extreme,high,nonexistent
medium,normal,medium,extreme,low,low,low,low,low
high,low,medium,low,medium,medium,medium,medium,low
high,normal,low,high,medium,medium,medium,medium,low
medium,normal,high,high,medium,low,low,low,extreme
low,low,low,low,medium,high,high,high,low
extreme,low,medium,low,extreme,high,medium,medium,high
high,normal,high,extreme,medium,medium,medium,medium,low
medium,normal,medium,low,high,high,high,high,high
low,low,medium,low,medium,low,medium,medium,extreme
high,low,medium,low,extreme,high,extreme,high,extreme
high,low,high,medium,high,high,extreme,extreme,low
low,low,high,medium,low,low,low,low,high
medium,very_low,low,low,extreme,high,medium,medium,high
high,low,high,medium,medium,medium,medium,medium,low
medium,low,extreme,low,high,medium,medium,medium,extreme
low,normal,medium,low,medium,medium,high,medium,high
low,very_low,high,low,extreme,medium,medium,low,high
high,low,high,low,high,high,high,extreme,low
medium,normal,medium,low,high,medium,high,high,nonexistent
medium,normal,extreme,high,medium,low,low,medium,high
medium,normal,high,high,medium,low,medium,medium,low
low,normal,medium,low,medium,medium,low,medium,low
high,low,medium,low,extreme,medium,medium,medium,high
low,very_low,medium,low,extreme,high,high,high,high
extreme,low,low,low,extreme,medium,medium,high,extreme
high,low,extreme,low,high,medium,medium,medium,high
medium,normal,high,low,medium,medium,high,medium,low
high,low,medium,low,high,high,high,extreme,nonexistent
medium,very_low,low,low,extreme,high,medium,medium,high
medium,low,high,low,high,extreme,high,high,high
medium,normal,medium,low,high,medium,medium,medium,high
high,low,medium,low,extreme,high,extreme,high,extreme
low,very_low,medium,low,medium,low,low,low,low
high,normal,medium,high,extreme,medium,medium,medium,low
medium,low,medium,low,medium,high,extreme,high,low
medium,low,high,low,high,medium,high,high,high
high,low,medium,low,medium,medium,medium,medium,nonexistent
medium,normal,low,medium,high,medium,medium,medium,low
medium,normal,low,low,high,medium,medium,medium,high
low,very_low,medium,low,high,medium,medium,low,high
high,low,high,low,high,medium,medium,medium,high
medium,normal,medium,low,high,medium,high,high,high
low,low,low,medium,low,low,low,low,low
medium,low,high,low,medium,medium,medium,medium,extreme
low,low,low,low,extreme,high,high,high,high
medium,low,medium,low,high,extreme,extreme,extreme,low
low,low,low,low,high,medium,medium,low,high
extreme,low,medium,high,extreme,high,high,high,high
extreme,normal,medium,low,high,medium,low,medium,low
extreme,very_low,high,low,extreme,medium,medium,medium,extreme
high,low,medium,low,extreme,high,high,high,high
medium,low,medium,low,high,extreme,high,high,extreme
medium,very_low,medium,low,extreme,high,high,medium,high
medium,low,medium,low,high,high,high,medium,extreme
low,normal,low,low,medium,low,low,low,high
high,low,medium,low,high,medium,medium,medium,low
medium,very_low,medium,low,extreme,high,high,high,extreme
medium,low,low,low,medium,medium,low,medium,nonexistent
medium,low,high,low,high,medium,medium,medium,extreme
medium,low,high,low,high,high,high,high,nonexistent
low,low,extreme,high,low,low,low,low,high
medium,high,high,high,medium,medium,low,medium,high
medium,low,high,low,high,high,high,high,nonexistent
high,low,high,low,high,high,high,extreme,nonexistent
medium,normal,medium,low,medium,medium,medium,medium,low
medium,high,high,high,low,medium,low,medium,extreme
low,very_low,low,low,extreme,medium,medium,low,low
medium,very_low,high,high,high,medium,high,high,nonexistent
low,low,medium,low,medium,low,low,medium,high
medium,high,medium,low,high,medium,medium,medium,high
high,very_low,medium,low,extreme,high,medium,medium,high
medium,low,high,low,high,high,high,high,low
extreme,low,high,medium,high,high,high,high,low
medium,normal,high,low,medium,low,low,low,high
low,very_low,high,medium,medium,medium,medium,low,high
low,low,high,low,extreme,high,high,medium,extreme
medium,low,high,low,medium,medium,medium,medium,low
extreme,low,high,low,high,medium,medium,medium,high
medium,high,medium,high,medium,medium,low,medium,high
medium,low,medium,low,low,low,medium,medium,high
high,very_low,high,low,high,medium,high,extreme,nonexistent
medium,low,medium,low,high,medium,medium,medium,low
medium,low,low,high,high,high,medium,medium,low
high,low,high,medium,medium,high,high,high,low
medium,low,high,low,high,high,medium,medium,nonexistent
high,low,medium,low,extreme,high,high,medium,high
high,low,high,low,high,medium,low,medium,extreme
extreme,very_low,medium,low,extreme,extreme,medium,high,high
medium,normal,high,low,medium,medium,medium,medium,low
high,high,low,medium,high,high,medium,medium,extreme
medium,low,high,medium,low,low,low,low,high
high,low,medium,medium,high,medium,medium,medium,low
extreme,low,high,low,extreme,high,high,high,extreme
high,normal,high,low,medium,medium,medium,medium,low
medium,low,high,low,high,high,high,high,nonexistent
high,low,high,medium,high,high,extreme,extreme,nonexistent
low,normal,medium,low,medium,low,medium,low,low
medium,very_low,medium,low,extreme,medium,medium,low,high
high,low,medium,low,extreme,high,high,high,extreme
medium,low,medium,low,high,extreme,high,high,extreme
medium,very_low,high,high,high,medium,high,high,nonexistent
medium,low,medium,low,high,medium,low,medium,high
medium,high,low,low,medium,medium,medium,medium,low
high,low,high,low,medium,low,medium,medium,low
low,low,medium,high,medium,low,medium,low,high
high,low,high,low,high,high,high,extreme,nonexistent
medium,normal,low,low,medium,medium,low,medium,nonexistent
medium,normal,low,low,medium,high,medium,medium,low
high,low,high,low,high,high,high,extreme,nonexistent
medium,normal,medium,low,high,medium,medium,medium,low
low,very_low,high,low,extreme,low,low,low,high
high,low,medium,low,high,high,high,extreme,nonexistent
high,normal,medium,high,extreme,medium,medium,medium,low
medium,low,low,low,high,high,high,high,high
high,low,high,medium,high,low,high,high,extreme
medium,low,medium,medium,high,medium,low,medium,high
medium,low,low,low,high,medium,medium,medium,low
low,very_low,high,medium,high,low,high,low,high
medium,normal,low,low,high,medium,medium,medium,low
high,low,high,low,high,high,high,extreme,low
high,low,low,low,high,medium,medium,medium,low
medium,low,medium,low,high,medium,medium,medium,high
medium,low,medium,low,medium,low,low,medium,low
high,low,high,low,extreme,high,high,high,nonexistent
low,very_low,low,low,high,medium,low,low,high
medium,normal,medium,medium,medium,medium,medium,medium,low
medium,normal,medium,high,medium,low,low,medium,extreme
medium,normal,medium,medium,high,high,high,high,high
extreme,low,medium,low,high,high,medium,medium,high
high,very_low,extreme,medium,extreme,medium,high,high,high
medium,low,low,medium,extreme,high,high,high,high
medium,low,low,medium,high,medium,medium,medium,high
medium,normal,low,low,high,medium,medium,medium,high
medium,low,low,low,high,medium,medium,medium,high
low,normal,medium,low,high,medium,medium,medium,high
high,very_low,medium,low,extreme,high,high,high,low
medium,high,high,low,medium,low,low,low,high
extreme,very_low,medium,low,high,medium,medium,medium,high
low,very_low,high,high,extreme,medium,medium,low,extreme
medium,high,medium,extreme,low,medium,high,high,high
medium,low,medium,low,high,medium,low,medium,high
high,very_low,medium,medium,extreme,extreme,extreme,high,high
high,low,medium,low,high,low,low,medium,high
extreme,low,high,medium,extreme,medium,medium,medium,high
low,low,medium,low,high,low,low,low,high
high,low,high,low,high,low,extreme,high,low
high,low,medium,low,extreme,medium,medium,medium,high
low,normal,medium,high,low,low,medium,low,low
medium,very_low,high,low,high,medium,low,medium,high
medium,very_low,medium,low,high,medium,medium,medium,low
low,low,medium,low,medium,low,high,high,low
medium,low,extreme,low,high,medium,low,low,extreme
high,low,high,low,high,low,extreme,high,nonexistent
high,very_low,medium,low,extreme,medium,medium,medium,low
high,low,low,low,high,medium,low,medium,low
high,normal,medium,medium,high,high,medium,medium,extreme
medium,low,high,low,high,high,medium,medium,low
medium,normal,medium,medium,high,high,extreme,high,extreme
medium,normal,medium,low,medium,low,low,low,high
medium,very_low,high,low,high,medium,medium,high,extreme
high,normal,high,medium,high,high,high,high,high
medium,low,medium,medium,high,medium,medium,medium,low
medium,low,high,low,extreme,high,high,extreme,nonexistent
high,normal,low,low,medium,medium,medium,medium,high
low,very_low,low,low,extreme,medium,medium,low,low
extreme,low,high,low,extreme,high,high,high,extreme
medium,low,medium,low,medium,high,extreme,high,low
medium,low,medium,low,high,medium,medium,medium,low
medium,normal,low,low,high,medium,medium,medium,low
low,normal,medium,low,medium,medium,low,medium,nonexistent
extreme,low,extreme,low,high,high,high,high,extreme
high,low,high,low,high,high,high,extreme,nonexistent
high,normal,medium,high,extreme,medium,medium,medium,low
high,low,high,low,high,medium,low,medium,low
medium,normal,medium,low,medium,medium,medium,medium,low
high,very_low,high,low,high,medium,high,extreme,low
high,very_low,medium,low,extreme,low,high,high,high
high,low,medium,high,extreme,medium,medium,medium,low
extreme,low,medium,low,extreme,extreme,extreme,high,high
medium,low,medium,low,high,medium,medium,medium,high
medium,low,extreme,high,high,medium,medium,high,extreme
medium,normal,medium,medium,medium,low,medium,medium,low
medium,very_low,high,low,extreme,extreme,extreme,extreme,extreme
high,low,medium,low,high,high,high,extreme,nonexistent
medium,low,extreme,low,extreme,medium,high,high,high
medium,normal,low,low,high,low,medium,medium,low
low,normal,medium,low,low,low,low,low,high
high,normal,medium,high,high,high,high,high,extreme
medium,very_low,high,medium,high,medium,high,high,high
high,low,high,low,high,high,high,extreme,low
medium,low,medium,low,high,low,low,low,high
medium,low,high,high,medium,medium,medium,medium,low
medium,normal,medium,medium,medium,medium,medium,low,high
low,very_low,medium,low,high,medium,low,medium,low
medium,normal,low,low,medium,low,medium,medium,high
medium,low,high,low,medium,medium,medium,medium,low
high,low,high,low,extreme,high,high,high,extreme
high,normal,medium,low,high,high,medium,medium,extreme
medium,normal,medium,medium,high,high,extreme,high,extreme
high,low,medium,medium,high,high,medium,medium,low
extreme,low,low,medium,high,high,medium,high,high
medium,normal,medium,low,medium,medium,medium,medium,low
medium,low,medium,low,high,extreme,high,high,extreme
medium,low,low,low,high,extreme,high,high,high
medium,low,medium,low,medium,medium,low,medium,high
medium,normal,medium,low,high,medium,medium,medium,low
medium,low,medium,low,high,medium,medium,medium,low
medium,normal,medium,low,medium,low,low,medium,low
medium,low,medium,low,high,extreme,high,high,extreme
medium,low,low,low,high,medium,high,medium,low
medium,high,medium,medium,medium,medium,low,medium,extreme
low,low,high,low,medium,low,medium,low,high
low,low,medium,low,low,low,low,medium,high
medium,low,low,low,extreme,high,high,high,high
high,low,high,low,medium,medium,low,medium,high
medium,low,medium,low,medium,high,extreme,high,nonexistent
medium,low,extreme,high,low,low,medium,low,high
medium,normal,medium,low,medium,low,medium,low,high
medium,normal,medium,low,high,medium,medium,medium,high
medium,normal,high,medium,medium,medium,medium,medium,low
high,normal,extreme,low,medium,medium,medium,medium,high
extreme,low,high,low,extreme,high,high,high,extreme
extreme,very_low,low,low,extreme,extreme,high,high,low
high,high,medium,high,low,medium,high,high,high
low,low,high,medium,low,low,medium,low,high
medium,normal,medium,medium,medium,low,low,low,low
extreme,very_low,medium,low,extreme,high,medium,high,high
high,low,medium,low,high,medium,low,medium,high
high,normal,medium,low,high,medium,medium,medium,high
low,very_low,medium,low,high,medium,medium,medium,high
medium,low,medium,low,extreme,medium,high,high,low
low,low,low,low,medium,low,low,low,extreme
medium,low,high,low,high,low,medium,medium,high
high,normal,high,medium,high,high,high,high,high
high,low,medium,high,extreme,medium,medium,medium,low
low,normal,low,high,low,low,low,low,high
medium,low,medium,low,high,medium,high,medium,low
high,very_low,high,low,extreme,medium,low,medium,high
high,low,medium,low,high,high,high,high,high
medium,low,medium,low,high,high,medium,medium,high
medium,normal,low,low,high,medium,medium,medium,low
high,low,low,low,extreme,low,high,high,high
medium,low,medium,low,high,extreme,high,high,extreme
high,low,low,low,extreme,extreme,high,high,high
low,low,low,medium,medium,low,low,low,high
high,low,medium,low,extreme,medium,medium,medium,high
medium,normal,medium,low,high,medium,medium,medium,low
medium,very_low,medium,low,extreme,medium,low,medium,extreme
medium,very_low,low,low,extreme,medium,medium,medium,low
low,very_low,high,low,extreme,medium,medium,low,high
medium,very_low,extreme,medium,medium,low,medium,low,high
medium,high,high,high,medium,low,medium,medium,extreme
medium,low,high,medium,extreme,medium,medium,medium,high
medium,low,medium,low,high,high,medium,medium,high
high,low,medium,low,high,high,medium,medium,low
low,very_low,medium,low,extreme,medium,medium,low,high
high,normal,medium,extreme,high,high,medium,medium,high
medium,normal,medium,low,high,high,extreme,extreme,nonexistent
low,low,low,medium,medium,medium,medium,medium,high
low,low,high,medium,medium,medium,high,medium,high
medium,normal,medium,medium,medium,low,medium,medium,low
low,normal,low,low,medium,low,low,low,low
high,low,medium,low,high,high,high,extreme,nonexistent
high,normal,medium,medium,medium,medium,medium,medium,low
medium,normal,high,low,medium,low,low,medium,extreme
high,very_low,high,low,extreme,medium,low,medium,high
medium,normal,medium,low,medium,low,low,low,high
medium,low,medium,low,medium,low,low,medium,high
medium,low,low,low,high,medium,medium,medium,high
low,very_low,medium,low,extreme,low,medium,low,extreme
medium,low,high,low,medium,medium,medium,medium,extreme
medium,low,high,low,high,high,high,high,low
medium,high,medium,high,low,low,low,low,high
extreme,normal,medium,medium,high,medium,medium,medium,low
low,normal,medium,high,medium,medium,low,low,nonexistent
medium,low,medium,low,high,medium,medium,medium,low
high,low,medium,low,high,high,high,extreme,nonexistent
high,normal,low,high,medium,medium,medium,medium,low
extreme,normal,medium,high,medium,low,medium,medium,low
high,normal,low,low,high,medium,high,medium,low
medium,normal,low,low,high,low,medium,medium,low
medium,very_low,medium,low,extreme,medium,low,medium,high
medium,low,medium,low,high,extreme,extreme,extreme,low
high,high,medium,medium,medium,medium,medium,medium,low
extreme,low,high,low,extreme,high,high,high,extreme
medium,low,high,low,high,extreme,high,high,high
medium,low,medium,low,medium,high,extreme,high,nonexistent
medium,very_low,extreme,high,high,low,medium,low,high
high,low,medium,low,extreme,medium,medium,medium,high
low,very_low,low,low,high,medium,medium,low,low
high,normal,medium,low,medium,medium,medium,medium,low
medium,normal,low,low,high,medium,medium,medium,low
medium,low,medium,low,high,medium,low,medium,high
low,low,low,high,low,medium,medium,medium,high
extreme,normal,medium,low,high,medium,medium,medium,high
medium,normal,medium,low,medium,medium,low,medium,low
medium,low,high,low,high,high,high,high,high
medium,low,extreme,high,medium,medium,medium,medium,high
medium,high,extreme,low,medium,medium,medium,medium,nonexistent
high,low,medium,low,high,medium,low,medium,high
medium,high,low,low,low,low,low,low,low
medium,normal,medium,medium,high,medium,medium,medium,low
medium,normal,medium,low,high,medium,high,high,high
medium,normal,low,low,medium,high,medium,medium,extreme
high,low,medium,high,extreme,medium,medium,medium,low
medium,high,low,high,medium,low,low,medium,low
medium,normal,medium,low,high,medium,low,medium,high
high,very_low,low,low,extreme,extreme,medium,medium,high
extreme,normal,high,medium,medium,low,medium,medium,high
medium,normal,medium,high,low,low,medium,low,high
medium,normal,high,low,medium,medium,medium,medium,low
low,very_low,extreme,low,extreme,medium,medium,low,high
high,high,high,low,medium,medium,medium,medium,high
medium,normal,medium,low,medium,medium,medium,medium,high
high,normal,high,medium,medium,medium,high,high,high
medium,low,extreme,high,low,low,low,low,high
high,normal,medium,high,extreme,medium,medium,medium,low
medium,low,low,low,high,medium,low,medium,low
high,high,medium,low,medium,medium,medium,medium,low
low,very_low,medium,low,extreme,low,medium,low,low
medium,normal,high,medium,low,low,medium,low,low
low,very_low,low,high,extreme,medium,medium,low,high
extreme,low,high,low,extreme,high,medium,high,extreme
extreme,low,high,low,extreme,high,high,high,extreme
low,low,medium,medium,high,low,medium,low,extreme
medium,low,high,low,high,extreme,high,high,high
medium,low,medium,low,high,medium,medium,medium,high
medium,low,medium,low,high,extreme,high,high,extreme
medium,normal,medium,medium,medium,low,medium,low,low
medium,normal,medium,low,high,medium,medium,medium,low
low,normal,medium,high,medium,low,medium,medium,high
medium,normal,medium,medium,high,medium,low,medium,high
medium,normal,low,medium,high,medium,medium,medium,high
high,low,medium,low,extreme,high,high,high,extreme
extreme,very_low,medium,low,extreme,low,high,high,extreme
low,very_low,medium,low,high,medium,medium,low,high
medium,low,high,low,high,high,high,high,low
low,low,medium,low,high,low,low,low,high
low,normal,low,extreme,low,medium,medium,high,extreme
medium,low,high,low,high,high,high,extreme,low
high,normal,medium,low,high,medium,medium,medium,low
low,low,medium,medium,high,medium,medium,low,high
high,normal,medium,low,high,medium,medium,medium,low
medium,normal,medium,low,high,medium,medium,medium,low
low,normal,medium,medium,medium,medium,medium,low,high
medium,normal,medium,medium,medium,medium,medium,medium,low
high,normal,medium,low,high,medium,medium,medium,high
low,normal,low,low,medium,low,low,low,high
low,very_low,medium,low,extreme,medium,medium,low,high
low,very_low,medium,low,high,medium,medium,low,high
medium,low,low,low,high,extreme,high,high,high
medium,normal,medium,medium,high,high,high,high,nonexistent
medium,low,high,low,high,high,high,high,nonexistent
high,normal,medium,low,high,medium,medium,medium,extreme
low,very_low,low,high,high,low,medium,low,high
low,low,low,low,high,medium,low,low,high
high,very_low,extreme,low,extreme,medium,low,medium,extreme
low,high,low,extreme,low,low,medium,low,high
medium,low,high,low,high,high,high,extreme,nonexistent
high,low,high,low,high,high,medium,high,extreme
low,very_low,medium,low,extreme,medium,medium,low,high
high,low,medium,low,extreme,medium,medium,medium,extreme
medium,very_low,medium,low,extreme,high,medium,medium,low
medium,very_low,medium,low,high,medium,medium,low,low
medium,low,high,low,high,medium,medium,medium,high
medium,normal,low,low,high,high,medium,medium,high
high,low,medium,low,extreme,extreme,high,high,extreme
high,normal,high,low,high,medium,medium,medium,extreme
extreme,low,high,low,extreme,high,high,high,extreme
high,normal,high,medium,high,medium,medium,medium,high
medium,low,high,low,high,extreme,high,high,high
medium,normal,low,low,medium,medium,medium,medium,low
medium,normal,medium,medium,high,high,high,high,nonexistent
medium,low,low,medium,medium,medium,medium,medium,high
medium,normal,medium,extreme,high,medium,medium,medium,low
low,low,extreme,extreme,medium,medium,low,medium,low
medium,low,high,low,high,high,high,high,low
medium,normal,medium,extreme,high,medium,medium,medium,low
medium,normal,medium,low,medium,medium,medium,low,low
medium,low,medium,low,high,extreme,extreme,high,high
low,low,medium,high,medium,medium,medium,medium,high
high,normal,medium,low,medium,low,low,medium,low
high,very_low,high,low,high,medium,high,extreme,nonexistent
high,very_low,high,low,high,high,high,high,nonexistent
high,low,low,low,high,high,medium,medium,extreme
medium,low,high,low,medium,medium,medium,medium,high
medium,low,high,low,high,high,high,high,low
medium,normal,low,low,medium,high,medium,medium,low
medium,low,high,low,extreme,high,medium,medium,low
medium,high,medium,medium,medium,medium,medium,medium,low
low,very_low,medium,high,extreme,medium,medium,low,extreme
medium,normal,medium,medium,medium,medium,high,medium,low
medium,high,extreme,low,medium,medium,medium,medium,low
low,low,medium,low,medium,low,low,low,extreme
medium,low,low,low,high,medium,medium,medium,low
high,normal,medium,high,high,medium,medium,medium,low
high,low,high,medium,extreme,medium,high,medium,high
medium,low,medium,low,extreme,high,high,extreme,extreme
medium,normal,medium,medium,medium,medium,medium,medium,low
medium,normal,medium,low,high,medium,medium,medium,low
extreme,normal,low,low,high,medium,medium,medium,high
low,normal,low,low,high,low,low,low,low
extreme,normal,low,medium,high,high,high,high,low
medium,low,medium,low,high,medium,high,medium,high
low,low,medium,low,high,medium,low,medium,low
medium,low,extreme,high,medium,medium,medium,medium,high
high,low,low,low,medium,medium,low,medium,low
medium,high,low,extreme,medium,medium,medium,medium,low
medium,normal,medium,low,high,medium,high,high,high
medium,normal,medium,medium,medium,medium,medium,medium,high
medium,low,low,low,extreme,medium,medium,low,high
high,very_low,high,low,high,medium,low,medium,low
medium,very_low,medium,low,high,low,low,low,high
low,normal,low,low,high,low,low,medium,low
medium,low,low,medium,medium,low,medium,low,high
medium,low,high,low,high,medium,medium,medium,low
medium,normal,low,low,high,medium,high,medium,high
extreme,low,medium,low,extreme,high,high,high,extreme
high,low,medium,low,high,high,high,extreme,nonexistent
medium,normal,medium,low,high,high,medium,medium,low
medium,low,medium,low,high,low,low,low,extreme
low,very_low,high,low,extreme,medium,medium,low,high
medium,very_low,high,low,high,low,low,low,high
high,low,medium,low,high,medium,medium,medium,high
medium,normal,medium,medium,high,medium,medium,medium,low
medium,normal,medium,low,high,medium,medium,medium,high
medium,low,high,high,medium,medium,medium,medium,low
high,low,medium,low,high,medium,medium,medium,low
medium,normal,low,high,low,medium,low,medium,high
medium,normal,extreme,high,medium,medium,high,high,low
medium,low,medium,low,high,high,medium,medium,low
high,low,high,low,extreme,extreme,high,high,high
medium,normal,low,medium,medium,medium,medium,medium,high
high,low,medium,low,high,medium,medium,medium,extreme
medium,low,low,low,high,medium,medium,medium,high
high,normal,high,high,high,high,medium,medium,extreme
medium,normal,high,low,medium,medium,high,high,high
medium,low,medium,low,high,medium,medium,medium,low
medium,very_low,high,low,extreme,medium,medium,low,high
extreme,low,high,low,high,high,medium,medium,low
low,low,low,low,medium,medium,high,medium,extreme
medium,normal,extreme,low,medium,medium,low,medium,high
medium,low,low,low,high,medium,medium,medium,low
medium,normal,medium,low,high,high,extreme,extreme,nonexistent
high,low,high,low,high,high,high,extreme,nonexistent
medium,low,medium,low,medium,low,low,low,high
high,low,high,low,high,extreme,extreme,high,low
medium,normal,high,high,medium,medium,high,medium,low
medium,normal,high,medium,medium,low,high,medium,low
high,low,low,low,extreme,medium,medium,high,high
high,normal,low,low,high,low,low,medium,high
low,low,medium,low,high,medium,medium,medium,high
extreme,normal,low,low,medium,medium,low,medium,extreme
medium,normal,medium,low,medium,medium,medium,medium,low
high,very_low,medium,low,extreme,medium,high,high,high
medium,normal,medium,medium,medium,medium,low,low,high
extreme,low,high,medium,high,medium,medium,medium,low
medium,normal,extreme,high,medium,low,medium,medium,low
medium,low,low,low,high,high,medium,medium,high
high,low,low,medium,extreme,medium,medium,medium,high
medium,low,medium,medium,high,extreme,extreme,high,high
high,low,medium,low,high,medium,high,extreme,high
medium,very_low,medium,low,extreme,medium,medium,low,high
high,low,high,high,high,high,high,high,low
medium,normal,low,low,medium,medium,low,medium,nonexistent
medium,low,high,low,high,high,high,high,nonexistent
high,very_low,medium,low,extreme,medium,medium,medium,low
medium,very_low,extreme,low,high,medium,medium,low,high
medium,low,medium,low,high,extreme,extreme,high,extreme
medium,low,low,low,medium,low,low,low,high
medium,low,medium,low,high,medium,medium,low,extreme
medium,low,medium,medium,high,high,extreme,extreme,nonexistent
medium,high,low,high,medium,medium,medium,medium,low
low,high,low,extreme,low,low,low,low,high
medium,normal,extreme,high,medium,medium,medium,medium,high
medium,low,medium,low,high,low,low,medium,high
high,low,medium,low,extreme,medium,medium,medium,high
extreme,normal,extreme,medium,medium,medium,low,medium,low
extreme,low,medium,low,extreme,medium,medium,medium,low
medium,low,medium,low,medium,low,low,low,extreme
high,low,high,medium,high,high,extreme,extreme,low
medium,low,low,medium,high,medium,medium,medium,low
high,low,medium,low,extreme,low,high,high,high
high,low,medium,low,high,medium,medium,medium,high
medium,normal,medium,low,medium,medium,medium,medium,low
high,low,high,low,high,medium,medium,high,high
medium,low,medium,low,high,medium,medium,medium,high
low,low,medium,low,high,medium,medium,low,high
medium,low,medium,medium,high,medium,medium,medium,high
medium,very_low,medium,low,extreme,high,high,extreme,low
low,normal,medium,low,medium,medium,low,medium,low
high,very_low,high,low,high,medium,high,extreme,nonexistent
medium,low,low,low,high,high,high,high,high
medium,low,high,low,medium,medium,medium,medium,high
high,low,medium,low,high,high,high,extreme,nonexistent
medium,normal,medium,medium,medium,medium,high,high,high
high,normal,high,low,high,high,medium,high,extreme
high,very_low,high,low,extreme,high,high,extreme,nonexistent
medium,normal,medium,low,medium,low,low,medium,low
low,low,high,low,medium,medium,high,medium,low
medium,high,medium,medium,medium,extreme,high,high,low
high,very_low,high,low,high,medium,high,extreme,nonexistent
high,low,medium,low,extreme,high,high,high,extreme
medium,low,medium,low,high,extreme,extreme,high,extreme
medium,high,high,high,low,low,low,medium,high
high,high,medium,high,low,low,medium,medium,extreme
medium,low,high,low,high,medium,high,high,high
extreme,low,medium,high,high,high,high,high,extreme
medium,low,low,low,medium,medium,medium,low,low
low,normal,high,high,medium,low,low,medium,low
high,high,medium,medium,low,medium,low,medium,low
low,low,low,low,medium,low,medium,low,low
extreme,very_low,low,low,extreme,low,high,high,low
low,very_low,high,low,high,medium,medium,low,high
high,low,high,low,high,high,high,extreme,low
extreme,normal,high,high,medium,medium,medium,high,high
low,very_low,medium,low,high,medium,medium,low,high
medium,normal,low,medium,high,medium,medium,medium,high
medium,normal,low,low,medium,medium,medium,medium,high
high,normal,low,low,high,medium,medium,medium,low
low,very_low,medium,low,extreme,low,medium,low,high
high,low,medium,low,extreme,high,high,high,high
high,low,high,high,high,high,high,high,nonexistent
low,low,high,low,high,medium,low,medium,low
medium,very_low,high,high,high,medium,high,high,nonexistent
extreme,very_low,medium,medium,extreme,extreme,high,high,extreme
low,normal,high,low,medium,low,low,low,low
medium,normal,medium,low,high,medium,high,high,low
medium,normal,low,medium,high,medium,medium,medium,high
medium,normal,low,low,high,medium,medium,medium,low
high,normal,extreme,medium,medium,medium,medium,medium,high
high,normal,medium,high,high,medium,high,high,high
high,low,low,low,medium,medium,medium,medium,low
medium,low,medium,low,high,low,low,low,high
medium,low,medium,low,high,medium,medium,medium,high
low,normal,medium,medium,low,medium,high,high,high
medium,low,medium,low,high,medium,low,low,high
low,low,medium,low,high,medium,medium,medium,low
low,low,medium,low,high,medium,medium,low,high
medium,high,low,low,medium,medium,medium,medium,low
high,low,medium,low,high,high,high,extreme,nonexistent
medium,normal,extreme,low,medium,medium,medium,medium,high
low,low,low,low,medium,low,medium,low,high
medium,low,medium,medium,high,high,high,high,low
medium,normal,medium,medium,high,high,extreme,high,high
medium,normal,high,extreme,low,low,low,low,high
medium,low,high,low,extreme,high,high,extreme,nonexistent
high,very_low,extreme,low,high,medium,medium,medium,high
medium,low,low,low,high,extreme,high,high,high
medium,low,medium,low,high,high,high,high,high
medium,very_low,high,low,extreme,high,high,high,high
extreme,normal,medium,high,medium,low,medium,medium,high
high,very_low,high,low,high,medium,high,extreme,nonexistent
medium,low,high,low,high,high,medium,medium,high
medium,high,low,high,medium,low,medium,medium,low
extreme,normal,extreme,medium,high,medium,low,medium,high
low,high,low,extreme,low,low,low,low,low
medium,low,high,low,high,low,medium,medium,high
low,very_low,high,low,high,low,low,low,extreme
medium,low,low,high,medium,high,high,medium,high
high,low,extreme,low,high,high,medium,medium,high
high,low,high,low,high,high,high,extreme,low
medium,normal,medium,medium,high,high,extreme,high,extreme
medium,low,medium,low,medium,low,low,low,high
low,normal,high,high,low,low,low,medium,low
high,normal,medium,low,medium,medium,low,medium,high
medium,normal,low,medium,high,medium,medium,medium,low
medium,low,medium,low,medium,low,low,low,extreme
medium,low,extreme,high,low,medium,high,medium,low
high,low,high,low,extreme,high,high,high,extreme
extreme,very_low,medium,low,extreme,high,medium,medium,low
high,low,high,low,extreme,high,high,high,extreme
medium,very_low,extreme,low,high,medium,medium,medium,high
medium,normal,low,low,high,high,medium,medium,low
high,low,low,low,high,medium,medium,medium,low
high,normal,high,low,medium,medium,medium,medium,extreme
medium,high,low,low,medium,medium,low,medium,low
medium,high,low,extreme,low,medium,medium,medium,low
medium,normal,low,low,high,medium,high,medium,low
high,normal,medium,low,high,medium,high,high,low
medium,low,medium,low,high,medium,medium,medium,low
high,very_low,medium,low,extreme,high,high,high,low
high,low,medium,low,extreme,high,extreme,high,extreme
high,normal,medium,low,high,high,high,high,high
medium,low,high,low,high,extreme,high,high,high
medium,normal,low,extreme,low,high,high,high,low
low,low,low,low,medium,medium,medium,low,high
medium,high,medium,high,low,low,medium,low,low
medium,normal,high,medium,low,low,low,low,high
medium,normal,high,low,medium,medium,high,medium,low
medium,normal,medium,high,high,medium,medium,medium,low
medium,low,high,low,high,high,high,high,low
high,normal,medium,medium,high,medium,medium,medium,high
low,normal,medium,high,low,low,medium,low,high
extreme,low,low,medium,high,high,medium,high,extreme
low,very_low,medium,low,high,low,medium,low,high
high,low,high,low,high,medium,medium,medium,extreme
medium,low,low,low,high,high,high,high,high
medium,low,medium,medium,high,medium,medium,medium,extreme
low,low,medium,low,medium,low,low,low,low
high,low,medium,low,high,medium,medium,high,high
high,low,extreme,low,high,medium,medium,medium,low
medium,low,high,low,high,medium,high,extreme,high
medium,low,medium,low,extreme,high,medium,medium,high
high,normal,low,high,medium,medium,medium,medium,extreme
medium,low,medium,low,high,medium,low,medium,high
medium,very_low,medium,low,high,medium,medium,low,high
low,very_low,low,low,high,low,medium,low,high
low,low,medium,medium,medium,low,medium,low,high
high,high,medium,extreme,low,low,low,low,extreme
high,very_low,low,low,extreme,extreme,high,high,high
medium,very_low,medium,low,extreme,medium,low,medium,high
extreme,low,high,low,extreme,high,high,high,extreme
high,low,high,medium,high,high,high,high,low
medium,low,high,low,medium,low,medium,low,high
medium,normal,low,low,high,medium,medium,medium,low
medium,low,low,low,high,high,high,high,high
medium,low,high,low,medium,medium,medium,medium,low
low,very_low,medium,low,extreme,medium,medium,low,high
low,low,medium,low,medium,low,low,low,high
low,low,medium,low,high,medium,high,low,extreme
high,low,high,medium,high,high,extreme,extreme,nonexistent
medium,low,high,low,high,high,medium,medium,high
high,normal,low,low,high,medium,medium,medium,high
high,low,high,low,high,high,high,extreme,nonexistent
low,low,high,low,high,low,medium,low,high
medium,low,high,low,high,high,high,extreme,nonexistent
low,very_low,low,low,medium,medium,medium,medium,low
extreme,normal,low,high,low,low,medium,medium,high
high,low,extreme,low,medium,high,high,high,low
medium,normal,high,medium,medium,medium,high,medium,low
medium,high,medium,high,high,medium,medium,medium,low
medium,low,medium,medium,medium,medium,low,medium,low
low,high,high,extreme,low,medium,medium,medium,high
low,very_low,high,low,extreme,medium,medium,low,high
low,low,medium,low,medium,medium,low,medium,high
medium,low,medium,low,medium,medium,medium,medium,high
medium,normal,medium,low,high,medium,medium,medium,low
medium,normal,medium,low,high,high,high,high,high
low,low,low,high,low,low,low,low,low
medium,low,medium,low,high,high,high,high,extreme
low,very_low,low,low,extreme,medium,low,low,high
low,low,high,medium,high,medium,medium,low,low
high,normal,extreme,low,high,high,medium,medium,low
high,normal,high,high,low,high,high,high,high
medium,low,medium,low,high,high,high,high,high
medium,normal,medium,low,medium,medium,high,high,high
medium,normal,medium,medium,high,high,extreme,high,extreme
high,normal,high,medium,high,medium,low,medium,extreme
medium,low,low,high,low,low,low,low,low
high,normal,high,low,high,medium,low,medium,high
medium,low,low,medium,high,high,medium,medium,low
low,very_low,low,low,extreme,medium,medium,low,high
medium,low,medium,low,high,medium,medium,medium,low
high,normal,medium,low,low,medium,medium,medium,low
medium,normal,high,medium,medium,medium,medium,medium,high
low,low,medium,medium,medium,low,low,low,low
low,very_low,medium,low,high,medium,medium,low,high
high,low,high,low,medium,medium,low,medium,low
high,low,high,low,high,medium,low,medium,high
medium,normal,high,low,medium,medium,medium,medium,low
medium,very_low,high,low,medium,low,low,low,nonexistent
medium,normal,medium,high,medium,medium,medium,medium,high
extreme,low,high,low,extreme,high,high,high,extreme
medium,normal,medium,medium,high,high,extreme,high,high
high,low,medium,low,extreme,extreme,extreme,high,extreme
medium,low,low,high,low,low,medium,low,low
high,low,high,low,high,high,extreme,extreme,extreme
medium,low,high,low,high,high,high,extreme,low
medium,low,high,low,high,high,extreme,high,nonexistent
high,normal,extreme,high,medium,high,high,high,high
medium,normal,medium,low,medium,medium,medium,medium,low
low,very_low,low,low,extreme,high,high,high,low
medium,normal,medium,low,high,high,high,high,high
medium,very_low,high,low,medium,low,low,low,high
medium,normal,low,medium,high,high,medium,medium,high
medium,normal,medium,low,high,high,medium,medium,low
low,very_low,medium,low,high,low,medium,low,high
medium,low,medium,low,medium,medium,medium,medium,low
high,low,medium,high,high,medium,medium,medium,extreme
extreme,low,low,extreme,high,high,medium,high,low
medium,very_low,high,medium,high,medium,high,high,low
high,normal,high,medium,high,high,high,high,high
medium,normal,low,low,medium,medium,medium,medium,high
high,low,high,low,extreme,medium,medium,medium,low
medium,low,high,low,high,high,high,high,nonexistent
extreme,very_low,medium,low,extreme,low,extreme,extreme,high
high,low,medium,low,extreme,high,high,high,extreme
medium,high,medium,extreme,medium,medium,medium,medium,low
medium,normal,medium,medium,high,high,high,high,nonexistent
medium,normal,medium,low,medium,high,medium,high,low
medium,low,high,low,high,high,high,high,low
low,very_low,low,low,high,medium,high,low,high
medium,normal,medium,low,high,medium,medium,medium,high
medium,normal,medium,low,high,medium,high,high,high
high,normal,medium,low,medium,medium,medium,medium,low
medium,low,high,low,high,high,medium,medium,high
high,very_low,medium,medium,extreme,high,medium,medium,extreme
high,low,high,low,high,high,high,extreme,nonexistent
medium,normal,high,high,low,low,medium,medium,high
extreme,very_low,medium,low,extreme,high,medium,medium,high
low,low,high,low,high,medium,high,medium,high
high,normal,medium,medium,medium,medium,medium,medium,low
extreme,normal,medium,high,medium,low,medium,medium,high
high,normal,medium,high,extreme,medium,medium,medium,low
medium,low,high,low,high,medium,low,medium,extreme
medium,normal,high,low,high,medium,medium,medium,high
low,very_low,high,medium,high,medium,medium,low,high
medium,normal,high,high,low,low,low,low,low
high,low,high,medium,high,medium,medium,medium,low
medium,normal,extreme,medium,low,medium,medium,medium,extreme
medium,low,high,low,medium,low,medium,low,extreme
high,low,medium,high,extreme,medium,medium,medium,low
medium,very_low,low,low,high,medium,medium,high,extreme
medium,very_low,medium,low,extreme,high,high,extreme,nonexistent
high,low,medium,low,high,medium,medium,medium,low
high,normal,medium,high,extreme,medium,medium,medium,low
medium,high,medium,low,medium,high,high,high,high
medium,low,low,low,high,extreme,high,high,high
high,high,high,high,low,low,low,medium,low
medium,high,low,high,medium,medium,medium,medium,low
low,very_low,medium,low,high,medium,low,low,high
medium,low,low,low,high,extreme,high,high,high
medium,normal,medium,low,high,medium,high,high,high
high,normal,medium,low,medium,medium,low,medium,low
high,high,medium,high,low,medium,high,high,high
medium,high,extreme,extreme,low,medium,high,high,high
medium,very_low,high,high,high,medium,high,high,nonexistent
high,high,high,extreme,medium,medium,medium,medium,low
medium,normal,medium,medium,medium,medium,medium,medium,low
low,normal,medium,low,medium,medium,low,medium,low
high,low,high,low,high,medium,high,high,high
low,low,medium,low,medium,low,medium,low,high
medium,normal,extreme,high,medium,low,low,medium,extreme
high,low,low,low,high,high,medium,high,high
high,low,medium,low,high,high,high,high,high
medium,high,high,low,medium,low,medium,medium,low
high,normal,medium,low,medium,high,medium,medium,low
medium,normal,high,low,high,high,medium,medium,high
extreme,very_low,high,low,extreme,high,medium,medium,low
medium,low,medium,low,high,extreme,extreme,extreme,nonexistent
medium,low,medium,low,medium,low,low,low,high
high,low,medium,low,high,medium,medium,medium,high
medium,normal,high,low,high,high,high,high,high
medium,normal,medium,low,high,medium,high,high,high
extreme,normal,low,high,medium,medium,medium,medium,high
high,very_low,high,low,high,medium,high,extreme,low
low,low,medium,low,extreme,medium,medium,low,high
medium,normal,high,medium,low,medium,medium,medium,low
high,low,medium,low,high,medium,low,medium,high
medium,low,low,low,high,medium,low,medium,low
low,high,low,medium,low,low,low,low,high
low,normal,low,low,high,low,medium,low,low
medium,normal,low,low,medium,medium,medium,medium,low
medium,low,high,low,high,high,high,high,nonexistent
medium,very_low,extreme,low,extreme,medium,low,medium,high
medium,low,medium,low,high,low,low,low,low
low,very_low,low,low,high,low,extreme,extreme,high
medium,low,medium,low,high,extreme,high,high,extreme
medium,normal,medium,low,medium,low,low,low,high
medium,very_low,high,low,extreme,high,medium,medium,high
high,very_low,extreme,low,extreme,high,medium,medium,high
low,normal,low,low,medium,low,medium,medium,high
medium,low,medium,low,high,medium,medium,medium,high
medium,high,low,low,high,high,high,medium,low
medium,normal,medium,medium,high,high,extreme,high,high
medium,high,low,extreme,low,low,low,low,high
high,low,low,low,high,medium,medium,medium,low
low,low,low,low,medium,low,low,low,low
medium,low,medium,low,high,extreme,extreme,high,extreme
high,very_low,high,low,high,medium,high,extreme,nonexistent
high,normal,medium,medium,medium,medium,high,high,high
medium,low,high,low,high,high,high,high,nonexistent
low,low,low,low,medium,low,low,low,low
medium,normal,medium,low,high,medium,high,high,low
medium,low,high,low,high,high,high,high,nonexistent
low,low,low,low,medium,low,low,low,high
medium,low,high,high,medium,high,medium,medium,low
medium,normal,medium,low,high,medium,high,high,high
high,low,extreme,low,high,medium,low,medium,high
medium,normal,extreme,high,medium,medium,low,medium,extreme
medium,low,low,low,medium,medium,medium,medium,low
high,normal,high,medium,high,high,high,high,high
medium,low,medium,low,high,medium,medium,medium,low
high,low,high,low,medium,low,medium,medium,nonexistent
high,low,medium,low,high,high,high,extreme,nonexistent
high,very_low,high,low,extreme,high,low,medium,high
medium,very_low,high,low,high,low,medium,low,high
high,low,medium,low,extreme,medium,low,medium,high
medium,low,high,low,high,high,high,high,nonexistent
medium,low,low,medium,high,medium,medium,medium,low
high,normal,medium,low,high,high,medium,medium,high
medium,very_low,medium,low,high,low,low,low,low
low,low,medium,low,high,medium,high,medium,high
medium,low,medium,low,high,medium,medium,medium,low
low,low,low,low,medium,medium,low,low,high
medium,normal,low,low,high,medium,medium,medium,low
high,low,high,medium,medium,high,high,high,low
low,very_low,low,low,high,medium,high,low,high
high,low,high,low,high,low,low,medium,extreme
extreme,very_low,medium,low,extreme,extreme,high,high,extreme
medium,normal,high,low,medium,medium,medium,medium,low
high,very_low,extreme,medium,extreme,medium,high,high,high
medium,normal,medium,low,medium,medium,medium,medium,low
high,normal,medium,low,high,high,medium,medium,extreme
medium,normal,medium,low,medium,low,medium,medium,low
extreme,low,medium,medium,high,high,high,high,high
medium,normal,medium,medium,high,high,extreme,high,high
high,very_low,extreme,low,extreme,extreme,high,high,low
high,low,medium,low,high,medium,medium,medium,low
high,very_low,high,low,high,medium,high,extreme,nonexistent
high,high,low,low,high,medium,medium,medium,low
medium,normal,low,low,high,low,medium,medium,low
extreme,low,medium,low,high,medium,medium,medium,low
medium,low,medium,low,medium,low,low,low,high
medium,low,extreme,medium,low,low,medium,low,low
high,very_low,high,low,high,high,high,extreme,nonexistent
medium,low,medium,low,high,high,high,extreme,extreme
high,very_low,high,low,extreme,extreme,high,high,high
medium,low,medium,low,high,extreme,extreme,high,extreme
high,high,medium,low,medium,medium,medium,medium,high
medium,low,medium,low,high,extreme,high,high,extreme
medium,normal,medium,high,medium,medium,low,medium,high
high,low,high,low,extreme,high,high,high,extreme
high,low,medium,low,high,high,high,extreme,nonexistent
high,normal,low,low,high,medium,high,high,extreme
high,high,medium,low,medium,low,medium,medium,low
medium,normal,medium,medium,high,high,extreme,high,extreme
high,low,high,low,extreme,high,high,high,low
medium,low,low,low,medium,medium,low,medium,nonexistent
medium,low,low,low,high,extreme,high,high,high
high,low,high,low,high,medium,medium,medium,high
medium,high,medium,medium,low,low,medium,low,low
high,high,medium,medium,medium,medium,medium,medium,low
medium,very_low,medium,low,high,medium,medium,low,high
medium,low,high,medium,high,medium,medium,medium,extreme
medium,low,high,low,high,medium,medium,medium,high
medium,low,medium,low,high,extreme,high,high,extreme
extreme,very_low,medium,low,extreme,high,high,high,high
high,very_low,high,low,extreme,high,extreme,high,low
low,very_low,medium,low,high,low,medium,low,low
medium,low,low,low,medium,low,low,medium,high
medium,very_low,extreme,low,high,medium,medium,medium,high
low,low,high,low,low,low,low,low,high
high,low,medium,high,extreme,medium,medium,medium,low
medium,low,medium,low,high,extreme,high,high,extreme
medium,low,high,low,medium,medium,medium,medium,high
medium,normal,low,low,high,medium,high,medium,low
extreme,very_low,medium,low,extreme,extreme,extreme,high,high
medium,low,low,low,medium,medium,medium,medium,high
high,very_low,high,low,high,medium,high,extreme,nonexistent
high,low,high,low,high,high,high,extreme,low
high,normal,medium,low,high,medium,medium,medium,low
high,low,high,high,high,medium,medium,medium,low
high,low,medium,low,high,high,high,extreme,nonexistent
medium,low,low,low,high,high,medium,medium,high
extreme,high,medium,medium,medium,high,high,high,high
medium,normal,low,low,high,medium,medium,medium,low
medium,low,high,low,high,extreme,high,high,high
low,low,high,low,medium,medium,medium,low,high
low,low,medium,low,high,medium,medium,low,high
medium,normal,medium,low,medium,medium,medium,medium,low
low,normal,low,low,medium,low,medium,low,high
extreme,normal,extreme,high,medium,medium,medium,medium,low
medium,low,low,low,high,high,high,high,low
high,low,high,medium,high,high,extreme,extreme,high
medium,normal,medium,low,high,high,extreme,extreme,nonexistent
high,low,medium,low,extreme,high,high,high,extreme
medium,normal,medium,low,high,high,medium,medium,low
high,low,high,high,extreme,high,high,high,high
medium,low,medium,low,high,extreme,extreme,extreme,nonexistent
high,normal,extreme,low,medium,medium,medium,medium,low
low,low,medium,low,high,medium,low,low,high
medium,normal,low,medium,high,medium,medium,medium,low
medium,low,high,low,medium,medium,medium,medium,high
low,low,high,medium,medium,low,low,low,high
medium,normal,high,medium,medium,low,medium,medium,low
high,normal,high,extreme,medium,medium,medium,medium,low
medium,normal,medium,medium,medium,low,medium,medium,low
low,low,high,medium,high,medium,medium,low,high
high,normal,medium,low,high,medium,medium,high,extreme
extreme,normal,high,medium,medium,medium,medium,medium,high
medium,normal,medium,low,medium,medium,high,medium,high
medium,normal,medium,medium,high,high,extreme,high,extreme
low,low,medium,medium,high,medium,medium,medium,high
medium,low,high,medium,high,high,medium,medium,low
medium,normal,medium,low,medium,medium,medium,medium,low
medium,normal,medium,low,medium,medium,medium,medium,high
medium,low,medium,low,high,extreme,extreme,extreme,nonexistent
medium,low,low,low,medium,medium,low,medium,nonexistent
medium,very_low,medium,low,high,medium,high,medium,low
medium,low,medium,low,medium,high,extreme,high,nonexistent
medium,normal,medium,low,medium,medium,high,high,nonexistent
high,low,medium,low,high,medium,medium,medium,low
medium,normal,high,medium,medium,low,low,medium,low
high,very_low,medium,low,extreme,high,high,high,high
extreme,normal,high,medium,medium,low,medium,medium,high
medium,low,extreme,high,low,low,medium,low,extreme
low,very_low,high,low,high,medium,medium,low,high
low,low,high,low,medium,medium,high,medium,high
low,normal,low,low,medium,medium,medium,low,low
medium,normal,medium,low,high,medium,high,high,high
medium,very_low,extreme,high,high,low,medium,low,extreme
medium,normal,low,low,high,low,low,medium,high
high,low,extreme,low,high,high,medium,medium,high
low,high,medium,extreme,low,low,low,low,high
low,low,medium,low,high,medium,medium,low,high
high,normal,high,medium,high,extreme,high,high,extreme
high,normal,medium,medium,medium,medium,medium,medium,low
medium,low,low,low,extreme,high,high,high,low
medium,low,high,low,medium,medium,high,medium,extreme
high,high,low,low,high,medium,medium,medium,low
high,low,high,low,extreme,high,medium,high,high
medium,high,medium,high,high,medium,medium,medium,low
low,high,low,high,low,low,medium,medium,low
low,low,medium,low,high,medium,low,medium,low
high,low,medium,medium,high,high,medium,medium,low
medium,low,low,low,high,extreme,high,high,high
high,low,high,low,extreme,medium,medium,medium,low
high,low,high,medium,high,medium,high,high,high
high,low,high,low,high,medium,medium,medium,low
low,low,medium,low,medium,low,medium,low,extreme
high,high,medium,medium,high,high,medium,medium,extreme
medium,low,high,low,high,medium,medium,medium,low
medium,low,low,medium,high,medium,medium,medium,extreme
medium,low,high,low,high,medium,medium,medium,low
medium,low,medium,medium,medium,medium,low,medium,extreme
low,normal,medium,low,medium,medium,medium,medium,extreme
low,very_low,medium,low,high,low,medium,low,high
medium,low,low,low,high,medium,medium,medium,low
high,low,medium,low,high,high,high,extreme,nonexistent
medium,normal,low,high,high,medium,medium,medium,low
medium,low,medium,low,high,extreme,extreme,high,extreme
high,low,medium,low,high,medium,medium,medium,low
medium,very_low,high,high,high,medium,medium,medium,high
high,low,extreme,low,medium,medium,medium,medium,low
medium,low,high,low,extreme,high,high,extreme,nonexistent
medium,normal,medium,low,medium,low,low,low,high
high,low,high,low,high,high,high,extreme,low
high,high,extreme,high,medium,low,medium,medium,low
medium,normal,low,low,medium,medium,medium,medium,low
