numero,regla,support,confidence,coverage,lift,fitness
1,IF humedad=very_low AND viento=extreme AND precipitacion=low AND co2=high AND co=medium AND oxigeno=normal THEN incendio=extreme,0.00022999999999999998,1.0,0.00022999999999999998,36.16256338266531,36.16256338266531
2,IF temperatura=high AND humedad=normal AND viento=extreme AND co2=extreme AND oxigeno=normal THEN incendio=extreme,5.949999999999989e-05,1.0,5.949999999999989e-05,36.16256338266531,36.16256338266531
3,IF temperatura=extreme AND humedad=normal AND viento=extreme AND co2=extreme AND oxigeno=normal THEN incendio=extreme,5.949999999999989e-05,1.0,5.949999999999989e-05,36.16256338266531,36.16256338266531
4,IF temperatura=high AND humedad=very_low AND viento=extreme AND precipitacion=low AND co2=high AND co=extreme THEN incendio=extreme,4.999999999999716e-06,1.0,4.999999999999716e-06,36.16256338266531,36.16256338266531
5,IF temperatura=extreme AND humedad=low AND viento=extreme AND co2=extreme AND oxigeno=normal THEN incendio=extreme,2.5000000000000357e-05,1.0,2.5000000000000357e-05,36.16256338266531,36.16256338266531
6,IF temperatura=high AND humedad=very_low AND viento=extreme AND precipitacion=low AND co2=high AND co=high THEN incendio=extreme,0.0005714999999999994,1.0,0.0005714999999999994,36.16256338266531,36.16256338266531
7,IF humedad=very_low AND viento=low AND precipitacion=low AND co2=high AND co=medium AND oxigeno=normal THEN incendio=extreme,0.000156,1.0,0.000156,36.16256338266531,36.16256338266531
8,IF temperatura=high AND humedad=very_low AND precipitacion=low AND co2=high AND co=high AND oxigeno=normal THEN incendio=extreme,0.001515756410256411,1.0,0.001515756410256411,36.16256338266531,36.16256338266531
9,IF temperatura=extreme AND humedad=very_low AND viento=high AND precipitacion=low AND co2=high AND co=medium AND oxigeno=normal THEN incendio=extreme,0.00041769230769230767,1.0,0.00041769230769230767,36.16256338266531,36.16256338266531
10,IF temperatura=high AND humedad=very_low AND viento=extreme AND precipitacion=low AND co2=high AND oxigeno=normal THEN incendio=extreme,0.0008648333333333325,1.0,0.0008648333333333325,36.16256338266531,36.16256338266531
11,IF temperatura=extreme AND humedad=very_low AND viento=extreme AND precipitacion=low AND co2=high AND co=high THEN incendio=extreme,0.0002650000000000006,1.0,0.0002650000000000006,36.16256338266531,36.16256338266531
12,IF temperatura=extreme AND humedad=very_low AND precipitacion=low AND co2=high AND co=medium AND oxigeno=normal THEN incendio=extreme,0.00041769230769230767,1.0,0.00041769230769230767,36.16256338266531,36.16256338266531
13,IF humedad=very_low AND viento=extreme AND precipitacion=low AND co=medium AND oxigeno=normal THEN incendio=extreme,0.00022999999999999998,1.0,0.00022999999999999998,36.16256338266531,36.16256338266531
14,IF temperatura=high AND humedad=high AND viento=extreme AND precipitacion=low AND co2=high AND co=extreme THEN incendio=extreme,0.00024500000000000026,1.0,0.00024500000000000026,36.16256338266531,36.16256338266531
15,IF temperatura=extreme AND humedad=very_low AND viento=extreme AND precipitacion=low AND co2=normal AND co=high AND oxigeno=normal THEN incendio=extreme,0.0002650000000000006,1.0,0.0002650000000000006,36.16256338266531,36.16256338266531
16,IF temperatura=high AND humedad=very_low AND precipitacion=low AND co2=high AND co=medium AND oxigeno=normal THEN incendio=extreme,0.0007894423076923075,1.0,0.0007894423076923075,36.16256338266531,36.16256338266531
17,IF temperatura=extreme AND humedad=very_low AND viento=extreme AND precipitacion=low AND co2=high AND oxigeno=normal THEN incendio=extreme,0.0005583333333333335,1.0,0.0005583333333333335,36.16256338266531,36.16256338266531
18,IF temperatura=high AND humedad=very_low AND viento=high AND precipitacion=low AND co2=high AND co=high THEN incendio=extreme,0.0015088576923076927,1.0,0.0015088576923076927,36.16256338266531,36.16256338266531
19,IF temperatura=extreme AND humedad=very_low AND viento=high AND precipitacion=low AND co2=high AND co=high AND oxigeno=normal THEN incendio=extreme,0.0009175000000000005,1.0,0.0009175000000000005,36.16256338266531,36.16256338266531
20,IF temperatura=extreme AND humedad=very_low AND precipitacion=low AND co2=high AND co=high AND oxigeno=normal THEN incendio=extreme,0.0011850000000000005,1.0,0.0011850000000000005,36.16256338266531,36.16256338266531
21,IF temperatura=high AND humedad=very_low AND viento=extreme AND precipitacion=low AND co2=high THEN incendio=extreme,0.0008689999999999989,1.0,0.0008689999999999989,36.16256338266531,36.16256338266531
22,IF temperatura=high AND humedad=very_low AND precipitacion=low AND co2=high AND co=extreme THEN incendio=extreme,0.0012483192307692309,1.0,0.0012483192307692309,36.16256338266531,36.16256338266531
23,IF temperatura=extreme AND humedad=very_low AND viento=high AND precipitacion=high AND co2=high AND co=extreme THEN incendio=extreme,0.00021300000000000024,1.0,0.00021300000000000024,36.16256338266531,36.16256338266531
24,IF temperatura=extreme AND humedad=very_low AND viento=extreme AND co2=extreme AND co=extreme AND oxigeno=low THEN incendio=extreme,2.5000000000000357e-05,1.0,2.5000000000000357e-05,36.16256338266531,36.16256338266531
